DN_ID,ID,CODIGO,NOME,INDICATIVO_NAVAL,SIGLA,ENDERECO,BAIRRO,CIDADE,UF,CEP
4.0,10037,84330,CAPITANIA DOS PORTOS DO PIAUI,CPPARN,CPPI,"AVENIDA DAS NAÇÕES UNIDAS, Nº 530",NOSSA SENHORA DO CARMO,PARNAIBA,PI,64200040
1.0,10039,91622,FRAGATA DODSWORTH,FDODSW,FDODSWORTH,,,,,
7.0,10043,10000,COMANDANTE DA MARINHA,COMMAR,CM,ESPLANADA DOS MINISTERIOS - BLOCO N - 2o e 3o ANDARES,,BRASÍLIA,DF,70055900
1.0,10044,91901,CENTRO DE ADESTRAMENTO ALMIRANTE MARQUES DE LEÃO,CALEAO,CAAML,"ILHA DO MOCANGUÊ, S/Nº",NITERÓI,NITERÓI,RJ,24040300
1.0,10045,91600,COMANDO DA FORÇA DE SUPERFÍCIE,FORPER,ComForSup,ILHA DE MOCANGUÊ,CENTRO,NITERÓI,RJ,24040300
1.0,10055,67100,SERVIÇO DE ASSISTENCIA SOCIAL DA MARINHA,SVCASS,SASM,"PRAÇA BARÃO DE LADÁRIO, S/Nº - COMPLEXO DO 1º DN",CENTRO,RIO DE JANEIRO,RJ,20091000
1.0,10058,21000,ESCOLA DE GUERRA NAVAL,GUENAV,EGN,"AV. PASTEUR, 480",URCA,RIO DE JANEIRO,RJ,22290255
3.0,10059,83602,ESCOLA DE APRENDIZES-MARINHEIROS DE PERNAMBUCO,EAMRCF,EAMPE,"AV. OLINDA DOM HÉLDER CÂMARA, S/Nº  - COMPLEXO SALGADINHO",OLINDA,PERNAMBUCO,PE,53110901
1.0,10063,91663,NAVIO-TRANSPORTE DE TROPAS ARY PARREIRAS,NTRAPR,NTRTAPARREIRAS,"ILHA DE MOCANGUÊ, S/Nº - BASE NAVAL DO RIO DE JANEIRO",CENTRO,NITERÓI,RJ,24040300
1.0,10065,20301,INSTITUTO DE PESQUISAS DA MARINHA,INSPEQ,IPqM,"RUA IPIRU, S/Nr",J. GUANABARA,ILHA DO GOVERNADOR,RJ,21931090
6.0,10066,86100,COMANDO DA FLOTILHA DE MATO GROSSO,FLTMGS,ComFlotMT,RUA 14 DE MARCO S/Nr.,,LADÁRIO,MS,79370000
1.0,10074,91140,1º ESQUADRÃO DE HELICÓPTEROS DE ESCLARECIMENTO E ATAQUE,HELITQ,EsqdHA-1,RUA COMANDANTE ITURIEL S/Nº,FLUMINENSE,SÃO PEDRO DA ALDEIA,RJ,28940000
1.0,10078,51500,CENTRO DE AUXÍLIOS À NAVEGAÇÃO ALMIRANTE MORAES REGO,CSNRMR,CAMR,"RUA BARÃO DE JACEGUAY, S/N",PONTA DA ARMAÇÃO,NITERÓI,RJ,24048900
4.0,10080,84121,NAVIO-PATRULHA GUANABARA,NPAGBR,NPaGuanabara,"RODOVIA ARTHUR BERNARDES, S/Nº",VAL-DE-CÃES,BELÉM,PA,66110300
1.0,10081,62411,AVISO DE INSTRUÇÃO GUARDA-MARINHA JANSEN,AVIJAN,AVINGMJANSEN,"ILHA DE VILLEGAGNON, S/N",CASTELO,RIO DE JANEIRO,RJ,21853480
1.0,10083,30000,COMANDO-GERAL DO CORPO DE FUZILEIROS NAVAIS,COMCFN,CGCFN,"PRAÇA BARÃO DE LADÁRIO, S/Nº. - ILHA DAS COBRAS",CENTRO,RIO DE JANEIRO,RJ,20091000
2.0,10086,82700,HOSPITAL NAVAL DE SALVADOR,HOSSAL,HNSa,"AV. DA FRANÇA, 1400",COMÉRCIO,SALVADOR,BA,40010000
1.0,10087,95300,COMANDO DA DIVISÃO LITORÂNEA,TRPREF,ComDivLit,AV. PAIVA S/Nº - ILHA DAS FLORES,NEVES,SÃO GONÇALO,RJ,24611970
1.0,10089,78000,CAIXA DE CONSTRUÇÕES DE CASAS PARA O PESSOAL DA MARINHA,CCCPMM,CCCPM,"AV. RIO BRANCO 39/11º,12º,13º,14º E 15º ANDARES",CENTRO,RIO DE JANEIRO,RJ,20090003
6.0,10092,86010,1º ESQUADRÃO DE HELICÓPTEROS DE EMPREGO GERAL DO OESTE,HELIEQ,EsqdHu-61,"RUA 14 DE MARÇO, S/No.",CENTRO,LADÁRIO,MS,79370000
3.0,10094,83701,HOSPITAL NAVAL DE NATAL,HOSNAT,HNNa,RUA SILVIO PELICO S/N,ALECRIM,NATAL,RN,59040150
4.0,10095,88133,NAVIO DE ASSISTÊNCIA  HOSPITALAR  DOUTOR MONTENEGRO,NASHMN,NAsHDoutorMontenegro,"BR 319, KM 4,5",DISTRITO INDUSTRIAL,MANAUS,AM,69075510
1.0,10099,81335,AGÊNCIA DA CAPITANIA DOS PORTOS EM PARATI,AGPRTI,AGPARATI,"RUA DOUTOR PEREIRA, 36",CENTRO HISTÓRICO,PARATI,RJ,23970000
1.0,10105,44000,DIRETORIA DE SISTEMAS DE ARMAS DA MARINHA,SISARM,DSAM,"RUA 1º DE MARÇO, 118 - ED. BARÃO DE LADÁRIO, 17º, 18º, 19º e 2Oº ANDARES",CENTRO,RIO DE JANEIRO,RJ,20010000
1.0,10107,32100,CENTRO DE INSTRUÇÃO ALMIRANTE SYLVIO DE CAMARGO,CIACFN,CIASC,"RUA MAGNO MARTINS, S/Nº",ILHA DO GOVERNADOR,RIO DE JANEIRO,RJ,21911000
1.0,10108,91612,FRAGATA DEFENSORA,FDEFEN,FDefensora,ILHA DAS COBRAS,CENTRO,RIO DE JANEIRO,RJ,20091000
1.0,10113,71200,CENTRO DE OPERAÇÕES DO ABASTECIMENTO,COPEAB,COpAb,"AV. BRASIL, 10500",OLARIA,RIO DE JANEIRO,RJ,2101350 
5.0,10114,85900,1º Esquadrão de Helicópteros de Emprego Geral do Sul,HELQUI,EsqdHU-51,"AV. HONÓRIO BICALHO, S/Nº - PORTÃO 12",ILHA DO TERRAPLENO,RIO GRANDE ,RS,96201020
5.0,10116,85311,DELEGACIA FLUVIAL DE GUAIRA,DLGUAI,DELGUAIRA,"PRACA PRESIDENTE DUTRA, 88",CENTRO,GUAÍRA,PR,85980000
2.0,10119,82019,CORVETA CABOCLO,CVCBCL,CvCaboclo,"BASE NAVAL DE ARATU, S/No.",SÃO TOMÉ DE PARIPE,SALVADOR,BA,40800310
1.0,10120,65704,POLICLÍNICA NAVAL NOSSA SENHORA DA GLÓRIA,PCLNSG,PNNSG,"RUA CONDE DE BONFIM, 54",TIJUCA,RIO DE JANEIRO,RJ,20520053
1.0,10122,91530,SUBMARINO TUPI,SBTUPI,STupi,"ILHA DE MOCANGUÊ, S/Nº",CENTRO,NITERÓI,RJ,24040300
1.0,10123,62412,AVISO DE INSTRUÇÃO GUARDA-MARINHA BRITO,AVIBRT,AVINGMBRITO,PRAÇA BARÃO DE LADÁRIO S/Nº - ILHA DAS COBRAS,CENTRO,RIO DE JANEIRO,RJ,20091000
6.0,10129,86800,BASE FLUVIAL DE LADÁRIO,BFLAMS,BFLa,"AV. 14 DE MARÇO, S/Nº",CENTRO,LADÁRIO,MS,79370000
4.0,10130,88318,AGÊNCIA FLUVIAL DE BOCA DO ACRE,AGACRE,AGBACRE,"AV. QUINZE DE NOVEMBRO, 2221",,BOCA DO ACRE,AC,69850000
2.0,10131,82311,DELEGACIA DA CAPITANIA DOS PORTOS EM ILHÉUS,DLHEUS,DELILHEUS,"RUA MAJOR HOMEM DEL REY, 217",CIDADE NOVA,ILHÉUS,BA,45652180
4.0,10135,84120,NAVIO-PATRULHA BOCAINA,NPABOC,NPaBocaina,"RODOVIA ARTHUR BERNARDES, S/Nº",VAL-DE-CÃES,BELÉM,PA,66110300
7.0,10136,70100,COMISSÃO NAVAL BRASILEIRA NA EUROPA,NAVEUR,CNBE,"170, UPPER RICHMOND ROAD - PUTNEY -LONDON - SW15 - 2SH",,LONDRES,,
1.0,10138,91180,BASE AÉREA NAVAL DE SÃO PEDRO DA ALDEIA,BANSPA,BAeNSPA,"RUA COMANDANTE ITURIEL, S/N",FLUMINENSE,S. P. DA ALDEIA,RJ,28940000
1.0,10140,44021,CENTRO DE MANUTENÇÃO DE SISTEMAS DA MARINHA,SISTEM,CMS,ILHA DAS COBRAS S/Nº - EDIFÍCIO 26,CENTRO,RIO DE JANEIRO,RJ,20180001
9.0,30040,88000,COMANDO DO 9º DISTRITO NAVAL,NOVDIS,Com9°DN,"RUA BERNARDO RAMOS, S/Nº",CENTRO,MANAUS,AM,69005310
1.0,10141,31050,BATALHÃO NAVAL,BATNAV,BtlNav,"PRAÇA BARÃO DE LADÁRIO, S/Nº",ILHA DAS COBRAS,RIO DE JANEIRO,RJ,20091000
1.0,10142,81125,REBOCADOR DE ALTO-MAR ALMIRANTE GUILLOBEL,RGIBEL,RbAMAGuillobel,CAIS DA PORTUGUESA - S/Nº - ILHA DAS COBRAS,CENTRO,RIO DE JANEIRO,RJ,20091000
4.0,10291,84400,ESTAÇÃO RADIOGONIOMÉTRICA DA MARINHA EM BELÉM,ERMBEL,ERMBe,"RODOVIA AUGUSTO MONTENEGRO,  1766",NOVA MARAMBAIA,BELÉM,PA,66625280
1.0,10293,91590,CENTRO DE INSTRUÇÃO E ADESTRAMENTO ALMIRANTE ÁTTILA MONTEIRO ACHÉ,CIASUB,CIAMA,ILHA DE MOCANGUÊ GRANDE S/Nº,,NITERÓI,RJ,24040400
3.0,10294,83702,HOSPITAL NAVAL DE RECIFE,HOSRCF,HNRe,"AV. CRUZ CABUGÁ, 1200",SANTO AMARO,RECIFE,PE,50040000
1.0,10296,76000,DIRETORIA DE ADMINISTRAÇÃO DA MARINHA,ADMSTR,DAdM,"ILHA DAS COBRAS - EDIFÍCIO ALMIRANTE GASTÃO MOTTA, 2º ANDAR",CENTRO,RIO DE JANEIRO,RJ,20091000
2.0,10300,82310,CAPITANIA DOS PORTOS DA BAHIA,CPSALV,CPBA,"AV. DAS NAUS, S/Nº",CONC. DA PRAIA - COMÉRCIO,SALVADOR,BA,40015270
1.0,10301,32000,COMANDO DO PESSOAL DE FUZILEIROS NAVAIS,PESCFN,CPesFN,"FORTALEZA DE SÃO JOSÉ, S/N - ILHA DAS COBRAS",CENTRO,RIO DE JANEIRO,RJ,20091000
1.0,10307,91623,FRAGATA BOSÍSIO,FBOSIS,FBOSISIO,"ILHA DE MOCANGUÊ, S/Nº - BASE NAVAL DO RIO DE JANEIRO",CENTRO,NITERÓI,RJ,24049900
4.0,10400,84124,NAVIO-AUXILIAR PARÁ,NAPARA,NAPara,BNVC RODOVIA ARTHUR BERNARDES S/Nº,VAL-DE-CÂES,BELÉM,PA,66115300
1.0,10088,10200,EMPRESA GERENCIAL DE PROJETOS NAVAIS,EGPRON,EMGEPRON,PRACA BARAO DE LADARIO S/N - ILHA DAS COBRAS - ED.08 DO AMRJ - 3o ANDAR,CENTRO,RIO DE JANEIRO,RJ,20091000
7.0,10218,11100,CENTRO DE COMUNICAÇÃO ESTRATÉGICA DA MARINHA,COMEST,CCEM,ESPLANADA DOS MINISTÉRIOS S/NR  BL N 3º ANDAR,,BRASÍLIA,DF,70055900
7.0,10290,12000,SECRETARIA DA COMISSÃO INTERMINISTERIAL PARA OS RECURSOS DO MAR,SECIRM,SECIRM,"ESPLANADA DOS MINISTÉRIOS, BLOCO N, ANEXO BRAVO, 3o ANDAR",Centro,BRASÍLIA,DF,70055900
1.0,10272,13000,COMISSAO DE PROMOCOES DE OFICIAIS,PROMOF,CPO,"PRACA BARAO DE LADARIO, S/No - E.  ALTE TAMANDARE - 3º ANDAR",CENTRO,RIO DE JANEIRO,RJ,20091000
1.0,10165,14001,CENTRO DE INTELIGÊNCIA DA MARINHA - RIO,,CIM-RIO,"RUA MAYRINK VEIGA, Nº 28,  6º ANDAR",CENTRO,RIO DE JANEIRO,RJ,20090050
1.0,10046,16000,PROCURADORIA ESPECIAL DA MARINHA,PROCTM,PEM,"RUA 1o DE MARCO, 114 - 1º e 2º Andares",CENTRO,RIO DE JANEIRO,RJ,20010000
7.0,10356,17000,SECRETARIA-EXECUTIVA DO GRUPO EXECUTIVO PARA MODERNIZAÇÃO DOS PORTOS,SEGEMP,SEGEMPO,"ESPLANADA DOS MINISTÉRIOS, BLOCO ""N"" - ANEXO - 3o ANDAR",,BRASÍLIA,DF,70055900
7.0,10028,20000,ESTADO-MAIOR DA ARMADA,ARMADA,EMA,"ESPLANADA DOS MINISTERIOS, BLOCO N - Sobreloja, 4º, 5º, 7º e 8º ANDARES",PLANO PILOTO,BRASÍLIA,DF,70055900
7.0,10323,20100,MISSÃO NAVAL BRASILEIRA NA NAMÍBIA,MNBNAM,MNBN,"EMBASSY OF BRAZIL - 52, BISMARCK STREET, PO BOX 24166",WINDHOEK WEST,WINDHOEK - KHOMAS,,9000    
1.0,10102,23000,CENTRO DE ANÁLISES DE SISTEMAS NAVAIS,CASNAV,CASNAV,"PCA BARAO DE LADARIO, S/N - ILHA DAS COBRAS - RUA DA PONTE - ED-23 DO AMRJ.",CENTRO,RIO DE JANEIRO,RJ,20091000
1.0,10393,31040,CENTRO TECNOLÓGICO DO CFN,CTECFN,CTecCFN,"AV. BRASIL, Nº 13.476",PARADA DE LUCAS,RIO DE JANEIRO,RJ,21012350
1.0,10006,32200,CENTRO DE INSTRUÇÃO ALMIRANTE MILCIADES PORTELA ALVES,CIAMPA,CIAMPA,"AV. BRASIL, 44.878 - GUANDU DO SAPE",CAMPO GRANDE,RIO DE JANEIRO,RJ,23078001
1.0,10070,33100,CENTRO DE AVALIAÇÃO DA ILHA DA MARAMBAIA,CAMBAI,CADIM,"RUA PROFESSOR RAFAEL LEVI MIRANDA, S/Nº",ITACURUÇÁ,MANGARATIBA,RJ,23860000
1.0,10303,40000,DIRETORIA-GERAL DO MATERIAL DA MARINHA,DRGMAT,DGMM,"RUA 1º DE MARÇO, Nº 118 - EDIFÍCIO BARÃO DE LADÁRIO - 11º E 12º ANDARES",CENTRO,RIO DE JANEIRO,RJ,20010000
1.0,10336,40100,CENTRO DE PROJETOS DE NAVIOS,CEPNAV,CPN,"ILHA DAS  COBRAS, S/Nº - EDIFÍCIO Nº 16 DO ARSENAL DE MARINHA DO RIO DE JANEIRO",CENTRO,RIO DE JANEIRO,RJ,20091000
1.0,10139,41000,ARSENAL DE MARINHA DO RIO DE JANEIRO,AMRJRJ,AMRJ,"PRAÇA BARÃO DE LADÁRIO, S/Nº - ILHA DAS COBRAS",CENTRO,RIO DE JANEIRO,RJ,20091000
8.0,10110,42000,"CENTRO TECNOLÓGICO DA MARINHA EM SÃO PAULO ""SEDE""",CTEMSP,CTMSP,"AV. PROFESSOR LINEU PRESTES, 2468 - CIDADE UNIVERSITÁRIA",BUTANTÃ,SÃO PAULO,SP,05508000
1.0,10018,43000,DIRETORIA DE AERONÁUTICA DA MARINHA,AENAUT,DAerM,"RUA PRIMEIRO DE MARÇO, 118 - ED. BARÃO DE LADÁRIO 13º e 14º ANDARES",CENTRO,RIO DE JANEIRO,RJ,20010000
1.0,10085,44030,CENTRO DE MÍSSEIS E ARMAS SUBMARINAS DA MARINHA,CEMASB,CMASM,AV. PAIVA S/No ILHA DO ENGENHO,NEVES,SÃO GONÇALO,RJ,24426140
6.0,10143,86103,NAVIO DE APOIO LOGÍSTICO FLUVIAL POTENGÍ,NALFPO,NApLogFluPotengi,"AV. 14 DE MARÇO, S/N",CENTRO,LADÁRIO,MS,79370000
1.0,10503,2100,CENTRO DE APOIO A SISTEMAS LOGÍSTICOS DE DEFESA,CASLOD,CASLODE,AV. BRASIL 10.500,OLARIA,RIO DE JANEIRO,RJ,21012350
1.0,10148,79000,DIRETORIA DO PATRIMÔNIO HISTÓRICO E DOCUMENTAÇÃO DA MARINHA,DPHDOC,DPHDM,RUA D. MANUEL Nº 15,CENTRO,RIO DE JANEIRO,RJ,20010090
2.0,10154,82801,BASE NAVAL DE ARATU,BNARAT,BNA,ESTRADA DA BASE NAVAL DE ARATU S/Nº,SÃO TOMÉ DE PARIPE,SALVADOR,BA,40800310
6.0,10155,86810,CENTRO DE INTENDÊNCIA DA MARINHA EM LADÁRIO,CITLAD,CeIMLa,AV. 14 DE MARÇO S/No.,CENTRO,LADÁRIO,MS,79370000
1.0,10157,71230,DEPÓSITO DE SUPRIMENTOS DE INTENDÊNCIA DA MARINHA NO RIO DE JANEIRO,DPSUPR,DepSIMRJ,"AV. BRASIL, 10500",OLARIA,RIO DE JANEIRO,RJ,21012350
6.0,10160,86700,HOSPITAL NAVAL DE LADÁRIO,HOSLAD,HNLa,"RUA 14 DE MARCO, S/Nº",,LADÁRIO,MS,79370000
9.0,10161,88100,COMANDO DA FLOTILHA DO AMAZONAS,FLTAMZ,ComFlotAM,"BR-319 KM 4,5 - VILA BURITI S/N",DIST.INDUSTRIAL,MANAUS,AM,69075510
6.0,10162,86311,AGÊNCIA FLUVIAL DE CÁCERES,AGCACE,AGCACERES,"RUA PROFESSOR JOSÉ RIZZO, Nº 01",CENTRO,CACERES,MT,78200000
1.0,10163,51212,BASE DE HIDROGRAFIA DA MARINHA EM NITERÓI,BASHID,BHMN,RUA BARÃO DE JACEGUAI S/Nº - PONTA DE ARMAÇÃO,CENTRO,NITERÓI,RJ,24048900
1.0,20000,55555,TESTE CARGA1,CARGA1,CARGA1,Rua Ilha das Cobras S/Nº,Centro,Rio de Janeiro,RJ,262000  
1.0,30000,77777,OM APRESENTAÇÃO,OMAPRE,OM APRESENTAÇÃO,2222,1,2,RJ,1       
7.0,10501,14000,CENTRO DE INTELIGÊNCIA DA MARINHA,CIMBRA,CIM,ESPLANADA DOS MINISTÉRIOS - BLOCO N EDIFÍCIO ANEXO 4º ANDAR,,BRASÍLIA,DF,70055900
4.0,10167,84000,COMANDO DO 4º DISTRITO NAVAL,QRTDIS,Com4ºDN,"PRACA CARNEIRO DA ROCHA, S/Nº",CIDADE VELHA,Belém,PA,66020150
2.0,10169,82118,NAVIO-VARREDOR ARAÇATUBA,NVTUBA,NVAraçatuba,BASE NAVAL DE ARATU S/Nº,SÃO TOMÉ DE PARIPE,SALVADOR,BA,40800310
1.0,10172,91628,CONTRATORPEDEIRO PERNAMBUCO,CTBUCO,CTPERNAMBUCO,,,,,
3.0,10173,83511,NAVIO HIDROGRÁFICO BALIZADOR COMANDANTE MANHÃES,NBHAES,NHiBComteManhães,RUA SÍLVIO PÉLICO S/Nº,ALECRIM,NATAL,RN,59040150
1.0,10174,95120,1º BATALHÃO DE INFANTARIA DE FUZILEIROS NAVAIS (BATALHÃO RIACHUELO),PRIBTI,1ºBtlInfFuzNav,"ESTRADA DO QUILOMBO, S/Nº",BANANAL,ILHA DO GOVERNADOR,RJ,21911010
1.0,10176,65701,HOSPITAL CENTRAL DA MARINHA,HOSCEN,HCM,"PRACA BARÃO DE LADÁRIO, S/N - ILHA DAS COBRAS",CENTRO,RIO DE JANEIRO,RJ,20091000
1.0,10179,81100,COMANDO DO GRUPAMENTO DE PATRULHA NAVAL DO SUDESTE,GPNSTE,ComGptPatNavSE,"ILHA DAS COBRAS, S/Nº - ED. 22 DO AMRJ",CENTRO,RIO DE JANEIRO,RJ,20091000
6.0,10181,86510,CENTRO DE HIDROGRAFIA E NAVEGAÇÃO DO OESTE,SINOET,CHN-6,Rua 14 de Março S/N,Centro,Ladário,MS,79370000
1.0,10184,65740,CENTRO LOGÍSTICO DE SAÚDE DA MARINHA,CLOGSM,CLSM,"AV. DOM HELDER CÂMARA,  Nº 315",BENFICA,RIO DE JANEIRO,RJ,20911290
5.0,10186,85511,NAVIO HIDROGRÁFICO BALIZADOR COMANDANTE VARELLA,NBVELA,NHiBComteVarella,"AV. HONÓRIO BICALHO, S/Nº - PORTÃO 12 - ILHA DO TERRAPLENO DO LESTE",CENTRO,RIO GRANDE,RS,96201020
7.0,10187,11000,GABINETE DO COMANDANTE DA MARINHA,GABMAR,GCM,ESPLANADA DOS MINISTÉRIOS - BLOCO N - 2º e 3º ANDARES,PLANO PILOTO,BRASÍLIA,DF,70055900
1.0,10188,71270,DEPÓSITO DE SUBSISTÊNCIA DA MARINHA NO RIO DE JANEIRO,DPSUBS,DEPSUBMRJ,"AV. BRASIL, 10500",OLARIA,RIO DE JANEIRO,RJ,21012350
4.0,10189,84511,NAVIO HIDROGRÁFICO ARGUS,NHIARG,NHIARGUS,"RODOVIA ARTHUR BERNARDES, S/Nº",VAL-DE-CÃES,BELÉM,PA,66115000
1.0,10190,62300,COLÉGIO NAVAL,COLNAV,CN,AV. MARQUES DE LEAO S/N,CENTRO,ANGRA DOS REIS,RJ,23909900
1.0,10194,91902,CENTRO DE APOIO A SISTEMAS OPERATIVOS,CASOPE,CASOP,ILHA DO MOCANGUE S/Nº,MOCANGUE,NITERÓI,RJ,24040300
1.0,10198,51201,NAVIO DE APOIO OCEANOGRÁFICO ARY RONGEL,NAOARO,NApOcARongel,ILHA DAS COBRAS,CENTRO,RIO DE JANEIRO,RJ,20091000
1.0,10205,81360,CAPITANIA DOS PORTOS DE MACAÉ,CPMCAE,CPM,"RUA DR. DENACH DE LIMA, S/Nº",PONTA DE IMBETIBA,MACAÉ,RJ,27915530
1.0,10206,91611,FRAGATA NITERÓI,FTEROI,FNITEROI,"ILHA DAS COBRAS, S/Nº",CENTRO,RIO DE JANEIRO,RJ,20091000
1.0,10209,81940,PRESIDIO DA MARINHA,PRESID,PM,AV.AMPHILÓQUIO REIS - S/N - ILHA DAS COBRAS,CENTRO,RIO DE JANEIRO,RJ,20091000
5.0,10210,85000,COMANDO DO 5º DISTRITO NAVAL,QUIDIS,Com5ºDN,"AV. ALTE CERQUEIRA E SOUZA, 70",CENTRO,RIO GRANDE,RS,96201260
2.0,10211,82802,CENTRO DE INTENDÊNCIA DA MARINHA EM SALVADOR,CITSAL,CeIMSa,"BASE NAVAL DE ARATU, S/N",SAO TOME PARIPE,SALVADOR,BA,40800310
7.0,10212,87310,CAPITANIA FLUVIAL DO ARAGUAIA-TOCANTINS,CFATOC,CFAT,QD 913 SUL,Plano Diretor Sul,PALMAS,TO,77000000
5.0,10334,89331,NAVIO BALIZADOR FAROLEIRO MARIO SEIXAS,NBFLMS,NBFMSeixas,"RUA BENJAMIN CONSTANT, Nº 707",COSTEIRA,PARANAGUÁ,PR,83203190
1.0,10335,91615,FRAGATA INDEPENDÊNCIA,FINDEP,FIndependencia,"ILHA DE MOCANGUÊ PQ, S/Nº",CENTRO,NITERÓI,RJ,20049900
8.0,10338,89321,Delegacia Fluvial de Presidente Epitácio,DLPREP,DelPEpitácio,"Rua Porto Alegre, nº 14-71",Vila Santa Rosa,Presidente Epitácio,SP,19470000
9.0,10339,88130,NAVIO-PATRULHA FLUVIAL RORAIMA,NPFRRM,NPaFluRoraima,"BR 319, KM 4,5 - VILA BURITI",DISTRITO INDUSTRIAL,MANAUS,AM,69075510
1.0,10340,91800,BASE NAVAL DO RIO DE JANEIRO,BNARIO,BNRJ,ILHA DO MOCANGUE PEQUENO S/Nº,Centro,NITERÓI,RJ,24049900
2.0,10341,82320,CAPITANIA DOS PORTOS DE SERGIPE,CPCAJU,CPSE,"AV. IVO PRADO, Nº 752",SÃO JOSÉ,ARACAJÚ,SE,49015070
1.0,10342,51207,NAVIO HIDROGRÁFICO SIRIUS,NHISIR,NHISIRIUS,"RUA BARÃO DE JACEGUAI, S/Nº",PONTA D' AREIA,NITERÓI - RIO DE JANEIRO,RJ,24048900
4.0,10346,88317,AGÊNCIA FLUVIAL DE TEFÉ,AGTEFE,AGTEFE,RUA DUQUE DE CAXIAS No 287,,TEFÉ,AM,69470000
1.0,10347,91160,1º ESQUADRÃO DE AVIÕES DE INTERCEPTAÇÃO E ATAQUE,ESQAVI,EsqdVF-1,RUA COMANDANTE ITURIEL S/Nº,FLUMINENSE,SÃO PEDRO DA ALDEIA,RJ,28940000
6.0,10349,86105,NAVIO-PATRULHA POTI,NPAPOT,NPaPoti,RUA 14 DE MARÇO S/Nº,CENTRO,LADÁRIO,MS,79370000
3.0,10358,83322,AGÊNCIA DA CAPITANIA DOS PORTOS EM CAMOCIM,AGOCIM,AGCAMOCIM,"RUA Dr. JOÃO THOME, 113",CENTRO,CAMOCIM,CE,62400000
4.0,10361,84311,CAPITANIA FLUVIAL DE SANTAREM,CFAREM,CPFSANTAREM,AV. TAPAJOS 1937 ,ALDEIA,SANTAREM,PA,68040000
5.0,10362,85101,REBOCADOR DE ALTO-MAR TRITÃO,RTRTAO,RbAMTritao,"AV. ALMIRANTE MAXIMIANO FONSECA, 2000",4ª SEÇÃO DA BARRA,RIO GRANDE,RS,96204040
1.0,10366,95140,3º BATALHÃO DE INFANTARIA DE FUZILEIROS NAVAIS (BATALHÃO PAISSANDU),TERBTI,3ºBtlInfFuzNav,"RUA MAGNO MARTINS, S/Nº - BANCÁRIOS",ILHA DO GOVERNADOR,RIO DE JANEIRO,RJ,21911430
1.0,10368,81600,ESCOLA DE APRENDIZES-MARINHEIROS DO ESPÍRITO SANTO,EAMVTR,EAMES,"ENSEADA DO INHOA, S/No",PRAINHA,VILA VELHA,ES,29100900
4.0,10372,88314,AGÊNCIA FLUVIAL DE GUAJARÁ-MIRIM,AGIRIM,AGGMIRIM,"AV. 15 DE NOVEMBRO, 418",,GUAJARA-MIRIM,RO,78957000
3.0,10373,83330,CAPITANIA DOS PORTOS DA PARAIBA,CPSSOA,CPPB,"RUA BARAO DO TRIUNFO, 372",VARADOURO,JOAO PESSOA,PB,58010400
1.0,10377,95160,BATALHÃO DE ARTILHARIA DE FUZILEIROS NAVAIS,BTLART,BtlArtFuzNav,"EST. DO QUILOMBO, S/No  - FREGUESIA",I. GOVERNADOR,RIO DE JANEIRO,RJ,21911016
1.0,10381,60001,SERVIÇO DE ASSISTÊNCIA RELIGIOSA DA MARINHA,SVCARM,SARM,"RUA 1º DE MARÇO, Nº 118 - ED. BARÃO DE LADÁRIO 3º ANDAR",CENTRO,RIO DE JANEIRO,RJ,20010000
1.0,10382,65705,UNIDADE INTEGRADA DE SAUDE MENTAL,UNISME,UISM,"RUA MARECHAL SEREJO, 539",PECHINCHA,JACAREPAGUÁ,RJ,22743380
1.0,10383,71220,CENTRO DE DISTRIBUIÇÃO E OPERAÇÕES ADUANEIRAS DA MARINHA,CENDAM,CDAM,"AV. BRASIL, 10.500",OLARIA,RIO DE JANEIRO,RJ,21012350
1.0,10384,81147,NAVIO-PATRULHA GURUPI,NPAURI,NPaGurupi,"PCA BARÃO DE LADÁRIO, S/Nº - ILHA DAS COBRAS",CENTRO,RIO DE JANEIRO,RJ,20091000
7.0,10385,64003,DIRETORIA DO PESSOAL DA MARINHA - BRASÍLIA,DPMBSB,DPM-BSB,"ESPLANADA DOS MINISTÉRIOS - BLOCO ""N"" - ED. ANEXO - 1º ANDAR",,BRASÍLIA,DF,70055900
1.0,10387,91522,SUBMARINO MUSEU RIACHUELO,SBRCHL,SRIACHUELO,,I. DO MOCANGUE,NITEROI,RJ,24040300
4.0,10388,84513,NAVIO HIDROCEANOGRÁFICO GARNIER SAMPAIO,NHOGSA,NHoGSampaio,RODOVIA ARTUR BERNARDES S/N,VAL-DE-CÃES,BELÉM,PA,66115000
4.0,10390,88313,AGÊNCIA FLUVIAL DE EIRUNEPE,AGNEPE,AGEIRUNEPE,"RUA FELIPE CUNHA, 113",,EIRUNPE,AM,69800000
4.0,10394,84514,NAVIO HIDROGRÁFICO BALIZADOR TENENTE CASTELO,NBTELO,NHiBTenCastelo,"RODOVIA ARTUR BERNARDES, S/Nº",VAL-DE-CÃES,BELÉM,PA,66115810
1.0,10398,83142,NAVIO-PATRULHA GRAÚNA,NPAUNA,NPaGrauna,AV. SILVIO PÉLICO S/Nº - BNN,ALECRIM,NATAL,RN,59040150
7.0,10399,87900,CENTRO DE INSTRUÇÃO E ADESTRAMENTO DE BRASILIA ALTE DOMINGOS DE MATTOS CORTEZ,CIABDF,CIAB,"BR 040 - KM 4,5",SANTA MARIA,BRASÍLIA,DF,72549900
,10500,33900,CENTRO DE INSTRUÇÃO ALMIRANTE GASTÃO MOTTA,CIAGAS,CIAGMOTTA,,,,,
5.0,10240,85330,CAPITANIA DOS PORTOS DO RIO GRANDE DO SUL,CPGRAN,CPRS,"AV. ALMIRANTE CERQUEIRA E SOUZA, 198",Centro,RIO GRANDE,RS,96201260
1.0,10241,31051,BATALHÃO DE POLÍCIA DE FUZILEIROS NAVAIS,CIAPBN,BTLPOLFUZNAV,"PRAÇA BARÃO DE LADÁRIO, S/No. - ILHA DAS COBRAS",CENTRO,RIO DE JANEIRO,RJ,20091000
1.0,10247,91000,COMANDO-EM-CHEFE DA ESQUADRA,COMESQ,ComemCh,ILHA DO MOCANGUE S/N,,NITERÓI,RJ,24040300
9.0,10251,88200,1º Batalhão de Operações Ribeirinhas,PRIRIB,1º BtlOpRib,"BR 319 KM 4,5",Distrito Industrial,MANAUS,AM,69075510
4.0,10252,84119,NAVIO-PATRULHA BRACUÍ,NPACUI,NPaBracui,RODOVIA ARTUR BERNARDES - S/Nº  -  BASE NAVAL DE VAL-DE-CÃES,VAL-DE-CÃES,BELÉM,PA,66115030
2.0,10254,82117,NAVIO-VARREDOR ATALAIA,NVATLA,NVAtalaia,BASE NAVAL DE ARATU - SAO TOME DE PARIPE,PARIPE,SALVADOR,BA,40800310
8.0,10257,89000,COMANDO DO 8º DISTRITO NAVAL,OITDIS,Com8ºDN,"RUA ESTADO DE ISRAEL, 776",VILA CLEMENTINO,SAO PAULO,SP,04022002
1.0,10213,91511,Navio de Socorro Submarino Felinto Perry,NSSBFP,NSSFPerry,"Ilha de Mocanguê, S/Nº - Base Naval do Rio de Janeiro",Centro,Niterói,RJ,24040300
1.0,10407,71290,DEPOSITO DE MATERIAL DE SAUDE DA MARINHA NO RJ,DPSAUD,DEPMSMRJ,"AV. BRASIL, 10500",OLARIA,RIO DE JANEIRO,RJ,21012350
9.0,10258,88010,1º ESQUADRÃO DE HELICÓPTEROS DE EMPREGO GERAL DO NOROESTE,HELIET,EsqdHU-91,"RUA RIO ITAQUAÍ, S/Nº",VILA BURITI,MANAUS,AM,69072080
7.0,10260,87700,HOSPITAL NAVAL DE BRASÍLIA,HOSBRA,HNBra,"EQS 711/911, S/Nº",Asa Sul,BRASÍLIA,DF,70390115
7.0,10261,87200,3º BATALHÃO DE PROTEÇÃO E DEFESA NBQR,GRFBRA,GptFNB,VIA L4/NORTE - LOTE 01 DO TRECHO 2 - SETOR DE CLUBES ESPORTIVOS NORTE,,BRASÍLIA,DF,70800120
5.0,10262,85107,NAVIO-PATRULHA BABITONGA,NPANGA,NPaBabitonga,"AV. ALTE MAXIMINIANO DA FONSECA, Nº 2000",4ª SEÇÃO DA BARRA,RIO GRANDE,RS,96200040
4.0,10264,88316,AGÊNCIA FLUVIAL DE PARINTINS,AGTINS,AGPARINTINS,"RUA BENJAMIM DA SILVA, 1820",CENTRO,PARINTINS,AM,69151270
1.0,10266,51204,NAVIO HIDROCEANOGRAFICO FAROLEIRO ALMIRANTE GRAÇA ARANHA,NFGRAR,NHoFAlteGAranha,"Rua  Barão de Jaceguai, S/Nº",CENTRO,NITERÓI,RJ,24048900
1.0,10267,91660,COMANDO DO 1º ESQUADRÃO DE APOIO,PRIEAP,ComEsqdAp-1,ILHA MOCANGUÊ,,NITERÓI,RJ,24040300
1.0,10270,65700,CENTRO MÉDICO ASSISTENCIAL DA MARINHA,CMASSM,CMAM,"RUA CONDE DE BONFIM, Nº 54",TIJUCA,RIO DE JANEIRO,RJ,20520053
1.0,10271,50000,DIRETORIA GERAL DE NAVEGAÇÃO,DRGNAV,DGN,"PÇA. BARÃO DE LADÁRIO, S/Nº - ED.ALTE.TAMANDARÉ - 6º ANDAR",CENTRO,RIO DE JANEIRO,RJ,20091000
3.0,10276,83320,CAPITANIA DOS PORTOS DO CEARÁ,CPFTZA,CPCE,"AVENIDA VICENTE DE CASTRO, 4719",MUCURIPE,FORTALEZA,CE,60180410
1.0,10280,91500,COMANDO DA FORÇA DE SUBMARINOS,FORSUB,ComForS,I. DO MOCANGUE,CENTRO,NITERÓI,RJ,24040300
7.0,10284,12100,ESTAÇÃO ANTÁRTICA COMANDANTE FERRAZ,ESANCF,EACOMTEFERRAZ,AGÊNCIA DE CORREIO SATÉLITE - ESTAÇÃO ANTÁRTICA COMANDANTE FERRAZ,ILHA REI GEORGE,,,20201970
6.0,10286,86107,NAVIO-PATRULHA PIRAJÁ,NPAAJA,NPaPiraja,"AV. 14 DE MARÇO, S/Nº",CENTRO,LADÁRIO,MS,79370000
2.0,10288,82000,COMANDO DO 2º DISTRITO NAVAL,SEGDIS,Com2ºDN,"AV. DAS NAUS, S/N -  CONC. DA PRAIA",COMÉRCIO,SALVADOR,BA,40015270
3.0,10313,83351,AGÊNCIA DA CAPITANIA DOS PORTOS EM AREIA BRANCA,AGBRAN,AGABRANCA,"RUA JOÃO FELIX, 15",AREIA BRANCA,RIO G. DO NORTE,RN,59655000
1.0,10319,65741,LABORATÓRIO FARMACÊUTICO DA MARINHA,LABFAR,LFM,"Rua Dom Helder Câmara, 315",BENFICA,RIO DE JANEIRO,RJ,20911290
1.0,10321,81331,DELEGACIA DA CAPITANIA DOS PORTOS EM ANGRA DOS REIS,DLANGR,DelAReis,"AV. ALTE JULIO CESAR DE NORONHA, 13",SÃO BENTO,ANGRA DOS REIS,RJ,23900000
1.0,10000,65706,SANATORIO NAVAL DE NOVA FRIBURGO,SNNFRJ,SNNF,"AV. GOVERNADOR GEREMIAS DE MATOS FONTES, S/Nº",CENTRO,NOVA FRIBURGO,RJ,28613140
4.0,10001,84320,CAPITANIA DOS PORTOS DO MARANHÃO,CPLUIZ,CPMA,"AV. D. PEDRO II, Nº 02",CENTRO,SÃO LUIS,MA,65010450
1.0,10003,91531,SUBMARINO TAMOIO,SBTMOI,STamoio,"PRAÇA BARÃO DE LADÁRIO, S/Nº - ILHA DAS COBRAS",CENTRO,RIO DE JANEIRO,RJ,20091000
1.0,10004,62400,ESCOLA NAVAL,ESCOLA,EN,"Avenida Sílvio de Noronha, s/nº",Centro,Rio de Janeiro,RJ,20021010
1.0,10404,91664,NAVIO DE DESEMBARQUE DE CARROS DE COMBATE GARCIA DAVILA,NDCCGD,NDCCGDAvila,"ILHA DE MOCANGUÊ, S/Nº - BASE NAVAL DO RIO DE JANEIRO",CENTRO,NITERÓI,RJ,24049900
6.0,10007,86106,Grupo de Embarcações de Operações Ribeirinhas do Mato Grosso,GRPTDE,GrEOpRibMT,"AV. 14 DE MARÇO, S/Nº",CENTRO,LADÁRIO,MS,79370000
1.0,10010,11001,GABINETE DO COMANDANTE DA MARINHA - RIO,SUBRIO,GCM-RIO,PRACA BARÃO DE LADÁRIO S/Nr. - ED. ALMIRANTE TAMANDARÉ - 3o. ANDAR,CENTRO,RIO DE JANEIRO,RJ,20091000
1.0,10012,95600,COMANDO DA DIVISÃO RIBEIRINHA,DIVRIB,ComDivRib,RODOVIA WASHINGTON LUIS - KM 124 - S/Nº,PARQUE DUQUE,DUQUE DE CAXIAS,RJ,25085000
5.0,10014,85400,ESTAÇÃO RADIOGONIOMÉTRICA DA MARINHA NO RIO GRANDE,ERMRGD,ERMRG,ILHA DO TERRAPLENO DO LESTE - AV.HONORIOBICALHO - PORTAO 12,Vila Militar,RIO GRANDE,RS,96201020
1.0,10021,51203,NAVIO-OCEANOGRÁFICO ANTARES,NOCANT,NOcAntares,"RUA BARÃO DE JACEGUAY, SEM NÚMERO",CENTRO,RIO DE JANEIRO,RJ,24048900
4.0,10023,84110,COMANDO DO GRUPAMENTO DE PATRULHA NAVAL DO NORTE,GPNORT,ComGptPatNavN,"BASE NAVAL DE VAL-DE-CAES - BNVC RODOVIA ARTHUR BERNARDES, S/Nr.",VAL-DE-CAES,BELEM,PA,66110300
1.0,10024,51214,NAVIO HIDROCEANOGRÁFICO AMORIM DO VALLE,NHOAMV,NHoAValle,"RUA BARÃO DE JACEGUAI, S/Nº",PONTA D'AREIA,NITERÓI,RJ,24040000
1.0,10026,91602,NAVIO-ESCOLA BRASIL,NEBRSL,NEBrasil,"Centro Postal da Marinha, S/Nº",Centro,Rio de Janeiro,RJ,21091000
5.0,10027,85333,AGÊNCIA DA CAPITANIA DOS PORTOS EM TRAMANDAÍ,AGNDAI,AGTRAMANDAI,"AV. BEIRA RIO, 199",BARRA,TRAMANDAÍ,RS,95590000
2.0,10031,82100,COMANDO DA FORÇA DE MINAGEM E VARREDURA,FORVAR,ComForMinVar,"ESTRADA DA BASE NAVAL DE ARATU, S/N",SÃO TOMÉ DE PARIPE,SALVADOR,BA,40800310
1.0,10034,61000,COMISSÃO DE DESPORTOS DA MARINHA,CODEMA,CDM,AV. BRASIL 10500,OLARIA,RIO DE JANEIRO,RJ,21012350
5.0,10035,89300,CAPITANIA FLUVIAL DO RIO PARANÁ,CPFOZU,CFRP,"RUA BARÃO DO RIO BRANCO, 170",Centro,FOZ DO IGUACU,PR,85851310
1.0,10036,91120,1º ESQUADRÃO DE HELICÓPTEROS DE EMPREGO GERAL,HELIEU,EsqdHU-1,"RUA COMANDANTE ITURIEL, S/Nº",FLUMINENSE,SÃO PEDRO DA ALDEIA,RJ,28940000
1.0,10149,31000,COMANDO DO MATERIAL DE FUZILEIROS NAVAIS,MATCFN,CMatFN,"PRACA BARAO DE LADARIO, S/No. ILHA DAS COBRAS",CENTRO,RIO DE JANEIRO,RJ,20091000
5.0,10170,85800,ESTAÇÃO NAVAL DO RIO GRANDE,ESNVRG,ENRG,AV. Honório Bicalho s/nº - Antigo portão 9,Centro,Rio Grande,RS,96201230
1.0,10208,91100,COMANDO DA FORCA AERONAVAL,FORAER,ComForAerNav,"R. COMANDANTE ITURIEL, S/Nº",FLUMINENSE,SAO P. ALDEIA,RJ,28940000
1.0,10228,52100,CENTRO DE INSTRUÇÃO ALMIRANTE GRACA ARANHA,CIGRAR,CIAGA,"AV. BRASIL, 9020 -",OLARIA,RIO DE JANEIRO,RJ,21031831
2.0,10325,82115,NAVIO-VARREDOR ARATU,NVARAT,NVAratu,BASE NAVAL DE ARATU - SÃO TOMÉ DE PARIPE,PARIPE,SALVADOR,BA,40800310
1.0,10144,45000,DIRETORIA DE ENGENHARIA NAVAL,ENGENA,DEN,"RUA 1º DE MARÇO, 118 - ED. BARÃO DE LADÁRIO - 6º AO 9º ANDAR",CENTRO,RIO DE JANEIRO,RJ,20010000
1.0,10053,46000,DIRETORIA DE OBRAS CIVIS DA MARINHA,OBRCIV,DOCM,"RUA 1º DE MARÇO, 118 - ED. BARÃO DE LADÁRIO 15º e 16º  ANDARES",CENTRO,RIO DE JANEIRO,RJ,20010000
1.0,10033,49000,DIRETORIA DE COMUNICAÇÕES E TECNOLOGIA DA INFORMAÇÃO DA MARINHA,COMTIM,DCTIM,"RUA 1º DE MARÇO, 118 - EDIFÍCIO BARÃO DE LADÁRIO, 3º,4º E 5º ANDARES",CENTRO,RIO DE JANEIRO,RJ,20010000
1.0,10185,51000,DIRETORIA DE HIDROGRAFIA E NAVEGAÇÃO,HINAVE,DHN,"RUA BARAO DE JACEGUAI, S/No",PONTA DA ARMAÇÃO,NITERÓI,RJ,24048900
1.0,10255,51200,GRUPAMENTO DE NAVIOS HIDROCEANOGRÁFICOS,GRNHID,GNHo,"RUA BARÃO DE JACEGUAY, S/No.",PONTA DA ARMAÇÃO,NITERÓI,RJ,24048900
1.0,10244,51209,NAVIO HIDROCEANOGRÁFICO TAURUS,NHOTAU,NHoTaurus,"RUA BARÃO DE JACEGUAI, S/Nº",PONTA DA AREIA,NITERÓI,RJ,24048900
1.0,10315,51213,CENTRO DE HIDROGRAFIA DA MARINHA,CENHID,CHM,RUA BARÃO DE JACEGUAY S/Nº - PONTA DA ARMAÇÃO,CENTRO,NITERÓI,RJ,24048900
1.0,10126,52000,DIRETORIA DE PORTOS E COSTAS,PRTCOS,DPC,"RUA TEÓFILO OTONI, 4",CENTRO,RIO DE JANEIRO,RJ,20090070
1.0,10178,53000,INSTITUTO DE ESTUDOS DO MAR ALMIRANTE PAULO MOREIRA,IEMAPM,IEAPM,"RUA KIOTO, 253, PRAIA DOS ANJOS",ARRAIAL DO CABO,RIO DE JANEIRO,RJ,28930000
1.0,10304,60000,DIRETORIA-GERAL DO PESSOAL DA MARINHA,DRGPES,DGPM,"PRAÇA BARÃO DE LADÁRIO S/N  EDIFICIO ALMIRANTE TAMANDARÉ, 7o. ANDAR",PRAÇA MAUÁ- CENTRO,RIO DE JANEIRO,RJ,20091070
1.0,10084,62000,DIRETORIA DE ENSINO DA MARINHA,ENSINO,DEnsM,"Praça Barão de Ladário, s/nº - Ed. Alte. Tamandaré, 5º andar",Centro,Rio de Janeiro,RJ,20091000
1.0,10159,62200,CENTRO DE INSTRUÇÃO ALMIRANTE WANDENKOLK,CIALWK,CIAW,ILHA DAS ENXADAS,BAIA DE GUANABARA,RIO DE JANEIRO,RJ,20180003
1.0,10570,51020,OMTESTE,OMTEST,OMTESTE,,,,,
1.0,10396,62500,SERVIÇO DE SELEÇÃO DO PESSOAL DA MARINHA,SVCSEL,SSPM,PÇA. BARÃO DE LADÁRIO S/Nº - COMPLEXO DO 1º DN,CENTRO,RIO DE JANEIRO,RJ,20091000
1.0,10052,62600,CENTRO DE INSTRUÇÃO ALMIRANTE ALEXANDRINO,CIALEX,CIAA,"AV. BRASIL, 10946",PENHA,RIO DE JANEIRO,RJ,21012350
1.0,10250,64000,DIRETORIA DO PESSOAL DA MARINHA,PESMIL,DPM,"PRACA BARAO DE LADARIO, S/No - ED. ALTE TAMANDARE, 4o ANDAR",CENTRO,RIO DE JANEIRO,RJ,20091000
1.0,10312,64100,SERVIÇO DE IDENTIFICACAO DA MARINHA,SVCIDE,SIM,"PRACA BARAO DE LADARIO, S/Nº",CENTRO,RIO DE JANEIRO,RJ,20092000
1.0,10106,64200,SERVIÇO DE VETERANOS E PENSIONISTAS DA MARINHA,SVCINP,SVPM,"PRACA BARAO DE LADARIO, S/Nr - ED. ALTE TAMANDARE, 2o ANDAR",CENTRO,RIO DE JANEIRO,RJ,20091000
1.0,10242,65000,DIRETORIA DE SAÚDE DA MARINHA,DSAUDE,DSM,PRAÇA BARÃO DE LADÁRIO S/Nº - COMPLEXO DO COM1ºDN,CENTRO,RIO DE JANEIRO,RJ,20091000
1.0,10316,65703,ODONTOCLÍNICA CENTRAL DA MARINHA,ODONTO,OCM,"PRACA BARAO DE LADARIO, S/Nº - ARSENAL VELHO",CENTRO,RIO DE JANEIRO,RJ,20091000
1.0,10029,65720,HOSPITAL NAVAL MARCÍLIO DIAS,HOSMAD,HNMD,"RUA CESAR ZAMA, 185",LINS DE VASCONCELOS,RIO DE JANEIRO,RJ,20725090
1.0,10204,65730,CENTRO DE PERÍCIAS MÉDICAS DA MARINHA,PERMED,CPMM,PRACA BARAO DE LADARIO S/Nr - ILHA DAS COBRAS,CENTRO,RIO DE JANEIRO,RJ,20091000
1.0,10128,67000,DIRETORIA DE ASSISTÊNCIA SOCIAL DA MARINHA,DIRASM,DASM,"PRAÇA BARÃO DE LADÁRIO, S/Nº, ED. ALTE TAMANDARÉ, 5º ANDAR",CENTRO,RIO DE JANEIRO,RJ,20091000
1.0,10182,67200,CASA DO MARINHEIRO,CASAMN,CMN,"AV. BRASIL, 10.592",PENHA,RIO DE JANEIRO,RJ,21012350
1.0,10611,65708,POLICLÍNICA NAVAL DE NITERÓI,PCLNIT,PNN,RUA BARÃO DE JACEGUAI s/n,PONTA D' AREIA,Niterói,RJ,24040000
7.0,10118,70000,SECRETARIA-GERAL DA MARINHA,SGERAL,SGM,"ESPLANADA DOS MINISTERIOS, BL. ""N"" - 6o ANDAR",PLANO PILOTO,BRASÍLIA,DF,70055900
1.0,10305,70001,SECRETARIA-GERAL DA MARINHA (RIO),SGERAL,SGM-RIO,"ILHA DAS COBRAS, ED.ALTE.GASTÃO MOTTA, S/Nº, 4º ANDAR",CENTRO,RIO DE JANEIRO,RJ,20091000
1.0,11693,40005,DIRETORIA DE GESTÃO DE PROGRAMAS DA MARINHA,DGEPEM,DGePM,"ILHA DAS COBRAS - S/Nº - EDIFÍCIO 8, 2º ANDAR",CENTRO,RIO DE JANEIRO,RJ,20091000
1.0,10324,71000,DIRETORIA DE ABASTECIMENTO DA MARINHA,ABASTC,DAbM,"ILHA DAS COBRAS - EDIFÍCIO ALMIRANTE GASTÃO MOTTA, 4º ANDAR",CENTRO,RIO DE JANEIRO,RJ,20091000
1.0,10032,71100,BASE DE ABASTECIMENTO DA MARINHA NO RIO DE JANEIRO,BAMBRJ,BAMRJ,"AV. BRASIL, 10500",OLARIA,RIO DE JANEIRO,RJ,21012350
1.0,10177,71210,DEPÓSITO DE COMBUSTÍVEIS DA MARINHA NO RIO DE JANEIRO,DPCOMB,DepCMRJ,"PRAIA DA BICA, 1361 - JARDIM GUANABARA",ILHA DO GOVERNADOR,RIO DE JANEIRO,RJ,21931076
1.0,10299,71240,DEPÓSITO DE MATERIAL ELETRÔNICO DA MARINHA,MATELT,DepMEMRJ,,,RIO DE JANEIRO,RJ,
1.0,10391,71260,DEPÓSITO DE FARDAMENTO DA MARINHA NO RIO DE JANEIRO,DPFARD,DepFMRJ,"AV.BRASIL, 10500",OLARIA,RIO DE JANEIRO,RJ,21012350
1.0,10275,71280,CENTRO DE MUNIÇÃO DA MARINHA,CENMUN,CMM,"Ilha do Boqueirão, s/nº",Ilha do Governador,Rio de Janeiro,RJ,21910420
1.0,10064,71300,CENTRO DE OBTENÇÃO DA MARINHA NO RIO DE JANEIRO,COBRIO,COMRJ,"AV. BRASIL, 10500",OLARIA,RIO DE JANEIRO,RJ,21012350
1.0,10200,73000,DIRETORIA DE FINANCAS DA MARINHA,FINANS,DFM,"ILHA DAS COBRAS - EDIFÍCIO ALMIRANTE GASTÃO MOTTA, 2º ANDAR",CENTRO,RIO DE JANEIRO,RJ,20091000
1.0,10049,73200,PAGADORIA DE PESSOAL DA MARINHA,PAGPEM,PAPEM,"RUA DA PONTE, SNº, ILHA DAS COBRAS - ED. 23 DO AMRJ",CENTRO,RIO DE JANEIRO,RJ,20091000
1.0,10317,11500,CENTRO DE CONTROLE INTERNO DA MARINHA,CCINTM,CCIMAR,"ILHA DAS COBRAS - EDIFÍCIO ALMIRANTE GASTÃO MOTTA, TÉRREO",CENTRO,RIO DE JANEIRO,RJ,20091000
1.0,10150,77000,DIRETORIA DO PATRIMÔNIO HISTÓRICO E CULTURAL DA MARINHA,DPHCTL,DPHCM,RUA DOM MANUEL No.15,CENTRO  (PRAÇA XV),RIO DE JANEIRO,RJ,20090010
1.0,10137,80000,COMANDO DE OPERAÇÕES NAVAIS,OPENAV,ComOpNav,"PRAÇA BARÃO DE LADÁRIO, S/No. - ED. ALTE TAMANDARE - 6o. ANDAR",CENTRO,RIO DE JANEIRO,RJ,20091000
1.0,10067,81122,REBOCADOR DE ALTO-MAR TRIDENTE,RTRIDE,RBAMTRIDENTE,"CAIS DA PORTUGUESA, S/Nº - ILHA DAS COBRAS",CENTRO,RIO DE JANEIRO,RJ,20091000
1.0,10100,89144,NAVIO-PATRULHA GUAJARÁ,NPAGUA,NPaGuajara,"AV.ISMAEL COELHO DE SOUZA, S/N",MACUCO,SANTOS,SP,11015315
1.0,10196,81146,NAVIO-PATRULHA GURUPÁ,NPAUPA,NPaGurupa,"PRAÇA BARÃO DE LADÁRIO, S/Nº - ILHA DAS COBRAS",CENTRO,RIO DE JANEIRO,RJ,20091000
1.0,10220,81200,1° BATALHAO DE OPERAÇOES LITORANEAS DE FUZILEIROS NAVAIS,GRFRIO,GptFNRJ,"AVENIDA BRASIL, Nº 10.768",PENHA,RIO DE JANEIRO,RJ,21012350
1.0,10344,81310,CAPITANIA DOS PORTOS DO ESPÍRITO SANTO,CPVITO,CPES,"Rua Belmiro Rodrigues da Silva, 145",Enseada do Suá,Vitória,ES,29050435
1.0,10389,81330,CAPITANIA DOS PORTOS DO RIO DE JANEIRO,CPRIOJ,CPRJ,AV. ALFRED AGACHE S/Nº,CENTRO,RIO DE JANEIRO,RJ,20021000
1.0,10199,81332,DELEGACIA DA CAPITANIA DOS PORTOS EM ITACURUÇÁ,DLRUCA,DELITACURUCA,"PRACA MARCILIO DIAS, Nº 1",DISTRITO DE ITACURUÇÁ,MANGARATIBA,RJ,23880000
1.0,10019,81334,AGÊNCIA DA CAPITANIA DOS PORTOS EM CABO FRIO,AGCABO,AGCFRIO,"RUA JORGE VEIGA, S/Nº - GAMBÔA",CENTRO,CABO FRIO,RJ,28922030
1.0,10133,81401,ESTAÇÃO RADIOGONIOMÉTRICA DA MARINHA EM CAMPOS NOVOS,ERCNOV,ERMCN,RODOVIA AMARAL PEIXOTO KM 126,CAMPOS NOVOS,CABO FRIO,RJ,28905970
1.0,10295,32400,CENTRO DE EDUCAÇÃO FÍSICA ALMIRANTE ADALBERTO NUNES,CEFAAN,CEFAN,"AV. BRASIL, 10590",PENHA,RIO DE JANEIRO,RJ,21012350
1.0,10195,83123,REBOCADOR DE ALTO-MAR TRIUNFO,RTRNFO,RbAMTriunfo,"R SILVIO PÉLICO, S/N BASE NAVAL DE NATAL",ALECRIM,NATAL,RN,59040150
3.0,11252,83103,"NAVIO-PATRULHA OCEÂNICO ""ARAGUARI""",NPOCAR,NPaOcAraguari,"RUA SILVIO PÉLICO, S/Nº",ALECRIM,NATAL,RN,59040150
4.0,11392,84516,AVISO HIDROCEANOGRÁFICO FLUVIAL RIO XINGU,AVHOXI,AvHoFluRioXingu,"RODOVIA ARTHUR BERNARDES, S/N°",VAL DE CÃES,BELÉM,PA,66110300
9.0,11393,88513,AVISO HIDROCEANOGRÁFICO FLUVIAL RIO NEGRO,AVHONE,AvHoFluRioNegro,"BR-319 KM 4,5 - VILA BURITI S/N",DISTRITO INDUSTRIAL,MANAUS,AM,69075510
6.0,11733,86112,NAVIO-TRANSPORTE FLUVIAL ALMIRANTE LEVERGER,NTFLEV,NTrFluAlteLeverger,AVENIDA 14 DE MARÇO - S/Nº,CENTRO,LADÁRIO,MS,79370000
1.0,11833,78912,OM HOMOLOGAÇÃO APOIADA,OMHOM2,APOIADA,,,RJ,RJ,
1.0,11853,45612,OM HOMOLOGAÇÃO RANCHO PRÓPRIO,RANCHO,RANCHO,,,RJ,RJ,
7.0,11433,20303,DIRETORIA-GERAL DE DESENVOLVIMENTO NUCLEAR E TECNOLÓGICO DA MARINHA - BRASÍLIA,DRGNUC,DGDNTM-BSB,"ESPLANADA DOS MINISTÉRIO, BLOCO N 4 ANDAR",PLANO PILOTO,BRASÍLIA,DF,70055900
1.0,11813,45678,OM HOMOLOGAÇÃO APOIADORA,OMHOM1,APOIADORA,,,RJ,RJ,
1.0,10216,89145,NAVIO-PATRULHA GUAPORÉ,NPAORE,NPaGuapore,"AVENIDA CIDADE DE SANTOS S/N, CAIS DA MARINHA",MACUCO,SANTOS,SP,11015050
1.0,10406,91645,CORVETA BARROSO,CVBARR,CvBarroso,ILHA DE MOCANGUÊ S/Nº,,Niterói,RJ,24049900
2.0,10017,82333,AGÊNCIA FLUVIAL DE JUAZEIRO,AGJUAZ,AGJUAZEIRO,"AV. JOSE PETITINGA, Nº 606",SANTO ANTÔNIO,JUAZEIRO,BA,48903010
2.0,10164,82400,ESTAÇÃO RÁDIO DA MARINHA EM SALVADOR,ERMSAL,ERMS,"Estrada da Base Naval de Aratu  - S/N - Morro do Toc-Toc, S/N",São Tomé de Paripe,Salvador,BA,40800310
2.0,10365,82510,SERVIÇO DE SINALIZAÇÃO NAUTICA DO LESTE,SINEST,SSN-2,"ESTRADA DA BASE NAVAL DE ARATU, S/Nº, BNA",SÃO TOMÉ DE PARIPE,SALVADOR,BA,40800310
2.0,10048,82512,NAVIO BALIZADOR TENENTE BOANERGES,NBBOAN,NHiBTenBoanerges,"BASE NAVAL DE ARATU, S/Nº",SÃO TOMÉ DE PARIPE,SALVADOR,BA,40800310
3.0,10147,83000,COMANDO DO 3º DISTRITO NAVAL,TERDIS,Com3ºDN,"AV. HERMES DE FONSECA, 780",TIROL,NATAL,RN,59020095
3.0,10152,83100,COMANDO DO GRUPAMENTO DE PATRULHA NAVAL DO NORDESTE,GPNDES,ComGptPatNavNE,"RUA SÍLVIO PÉLICO, S/Nº",ALECRIM,NATAL,RN,59040150
3.0,10038,83116,REBOCADOR DE ALTO-MAR TRINDADE,RBDADE,RBAMTRINDADE,RUA SILVIO PELICO S/Nº - BASE NAVAL DE NATAL,ALECRIM,NATAL,RN,59040150
3.0,10392,83140,NAVIO-PATRULHA GRAJAÚ,NPAJAU,NPaGrajau,RUA SILVIO PELICO S/N - BASE NAVAL DE NATAL,ALECRIM,NATAL,RN,59040150
3.0,10395,83200,3° BATALHÃO DE OPERAÇÕES LITORÂNEAS DE FUZILEIROS NAVAIS,GRFNAT,3°BtlOpLitFN,"RUA MARCILIO DIAS, S/Nr",QUINTAS,NATAL,RN,59037020
3.0,10297,83311,AGÊNCIA FLUVIAL DE PENEDO,AGNEDO,AGPENEDO,"AV. DUQUE DE CAXIAS, 152",CENTRO,PENEDO,AL,57200000
3.0,10380,83340,CAPITANIA DOS PORTOS DE PERNAMBUCO,CPCIFE,CPPE,"RUA SÃO JORGE, 25",BAIRRO DO RECIFE,RECIFE,PE,50030240
3.0,10016,83350,CAPITANIA DOS PORTOS DO RIO GRANDE DO NORTE,CPNATL,CPRN,"RUA CHILE, Nº 232",RIBEIRA,NATAL,RN,59012250
3.0,10076,83401,ESTAÇÃO RADIOGONIOMÉTRICA DA MARINHA EM NATAL,ERMNAT,ERMN,BR 304 - KM 04 CAIXA POSTAL 095,GUARAPES,PARNAMIRIM,RN,59146750
3.0,10289,83510,SERVIÇO DE SINALIZAÇÃO NÁUTICA DO NORDESTE,SINDES,SSN-3,RUA SÍLVIO PÉLICO S/Nº,ALECRIM,NATAL,RN,59040150
3.0,10269,83601,ESCOLA DE APRENDIZES-MARINHEIROS DO CEARÁ,EAMFTZ,EAMCE,"AV. FILOMENO GOMES, Nº 30",JACARECANGA,FORTALEZA,CE,60010280
3.0,10079,83800,BASE NAVAL DE NATAL,BNNATL,BNN,"RUA SILVIO PÉLICO, S/Nº",ALECRIM,NATAL,RN,59040150
3.0,10221,83810,CENTRO DE INTENDÊNCIA DA MARINHA EM NATAL,CITNAT,CeIMNa,AV. SILVIO PELICO S/Nº,ALECRIM,NATAL,RN,59040150
4.0,10180,84111,CORVETA ANGOSTURA,CVANGO,CVANGOSTURA,"RODOVIA ARTHUR BERNARDES, S/Nº - BASE NAVAL DE VAL-DE-CAES",,BELÉM,PA,66115000
4.0,10158,84115,NAVIO-PATRULHA PAMPEIRO,NPAPAM,NPaPampeiro,"RODOVIA ARTHUR BERNARDES, S/Nº - BASE NAVAL DE VAL-DE-CAES",VAL-DE-CAES,BELÉM,PA,66115000
4.0,10121,84116,NAVIO-PATRULHA PARATI,NPAPTI,NPAPARATI,"RODOVIA ARTHUR BERNARDES, S/Nº - BASE NAVAL DE VAL-DE-CÃES",VAL DE CAES,BELÉM,PA,66115000
4.0,10273,84122,NAVIO-PATRULHA GUARUJÁ,NPAUJA,NPaGuaruja,"RODOVIA ARTHUR BERNARDES, S/Nº - BASE NAVAL DE VAL-DE-CÃES",VAL-DE-CÃES,BELÉM,PA,66115300
4.0,10233,84123,REBOCADOR DE ALTO-MAR ALMIRANTE GUILHEM,RGILEM,RBAMAGUILHEM,"RODOVIA ARTHUR BERNARDES, S/Nº",VAL-DE-CÃES,BELÉM,PA,66115000
4.0,10302,84200,2º BATALHÃO DE OPERAÇÕES RIBEIRINHAS,SEGRIB,2º BtlOpRib,"RUA DA MARINHA, S/Nº",MARAMBAIA,BELEM,PA,66620200
4.0,10025,84310,CAPITANIA DOS PORTOS DA AMAZONIA ORIENTAL,CPBLEM,CPAOR,"Rua Gaspar Viana, 575",Reduto,Belém,PA,66010060
4.0,10351,84312,CAPITANIA DOS PORTOS DO AMAPÁ,CPSTNA,CPAP,RUA CLÁUDIO LÚCIO MONTEIRO - Nº 2000,DANIEL,SANTANA,AP,68925000
4.0,10117,84700,HOSPITAL NAVAL DE BELÉM,HOSBEL,HNBe,"RUA DO ARSENAL, 200",CIDADE VELHA,BELEM,PA,66023110
4.0,10311,84800,BASE NAVAL DE VAL-DE-CÃES,BNVCBE,BNVC,"RODOVIA ARTHUR BERNARDES, S/Nº",VAL-DE-CÃES,BELÉM,PA,66110300
4.0,10041,84900,CENTRO DE INSTRUÇÃO ALMIRANTE BRAZ DE AGUIAR,CIBRAG,CIABA,"RODOVIA ARTHUR BERNARDES, Nº 245",PRATINHA,BELEM,PA,66825000
5.0,10022,85100,COMANDO DO GRUPAMENTO DE PATRULHA NAVAL DO SUL,GPNSUL,ComGptPatNavS,"Av. Alte. Maximiano Fonseca, 2000",4ª  Seção da Barra,Rio Grande,RS,96204040
5.0,10235,85103,CORVETA IMPERIAL MARINHEIRO,CVIPMN,CVIMARINHEIRO,"AV.PORTUÁRIA, Nº 2000",4ª SEÇÃO DA BARRA,RIO GRANDE,RS,96240105
5.0,10192,85106,NAVIO-PATRULHA BENEVENTE,NPANTE,NPaBenevente,"AV. ALMIRANTE MAXIMIANO FONSECA, KM 9",4º SEÇÃO DA BARRA,RIO GRANDE,RS,96204040
5.0,10370,85200,GRUPAMENTO DE FUZILEIROS NAVAIS DO RIO GRANDE,GRFRGD,GptFNRG,AV. ALMIRANTE MAXIMIANO FONSECA - KM 9 - CAIXA POSTAL 209,4ª SEÇÃO DA BARRA,RIO GRANDE,RS,96204040
5.0,10069,89330,CAPITANIA DOS PORTOS DO PARANÁ,CPAGUA,CPPR,"RUA BENJAMIN CONSTANT,  Nº 707",CENTRO HISTÓRICO,PARANAGUÁ,PR,83203190
5.0,10050,85350,CAPITANIA FLUVIAL DE PORTO ALEGRE,CFALEG,CFPA,"RUA DOS ANDRADAS, Nº 386",CENTRO,PORTO ALEGRE,RS,90020000
5.0,10367,85332,DELEGACIA FLUVIAL DE URUGUAIANA,DLURUG,DELURUGUAIANA,"RUA DOMINGOS DE ALMEIDA, Nº 1194",CENTRO,URUGUAIANA,RS,96500000
5.0,10283,85341,DELEGACIA DA CAPITANIA DOS PORTOS EM LAGUNA,DELUNA,DELLAGUNA,"AV. ENGº. COLOMBO MACHADO SALLES, 72",CENTRO,LAGUNA,SC,88790000
5.0,10115,85342,DELEGACIA DA CAPITANIA DOS PORTOS EM SÃO FRANCISCO DO SUL,DLSFSL,DelSFSul,"RUA DR. LAURO MULLER, 138",CENTRO,SÃO FRANCISCO DO SUL,SC,89240000
5.0,10378,85344,DELEGACIA DA CAPITANIA DOS PORTOS EM ITAJAÍ,DCPJAI,DELITAJAI,AV. PREFEITO PAULO BAUER Nº 1055,CENTRO,ITAJAÍ,SC,88301020
5.0,10183,85510,SERVIÇO DE SINALIZAÇÃO NAUTICA DO SUL,SINSUL,SSN-5,"Av. Honório Bicalho, s/nº - Portão 12 - Ilha do Terrapleno Leste",Centro,Rio Grande,RS,96201020
5.0,10274,85810,CENTRO DE INTENDÊNCIA DA MARINHA EM RIO GRANDE,CITRGD,CeIMRG,"AV. ALTE. MAXIMIANO DA FONSECA, Nº 2000",4ª SEÇÃO DA BARRA,RIO GRANDE,RS,96204040
6.0,10015,86000,COMANDO DO 6º DISTRITO NAVAL,SXTDIS,Com6ºDN,"RUA 14 DE MARÇO, S/Nº",CENTRO,LADÁRIO,MS,79370000
6.0,10073,86101,AVISO DE TRANSPORTE FLUVIAL PIRAIM,ATTFPI,AVTRFLUPIRAIM,"RUA 14 DE MARÇO, S/Nº",CENTRO,LADÁRIO,MS,79370000
6.0,10030,86102,MONITOR PARNAÍBA,MNAIBA,MParnaiba,"RUA 14 DE MARÇO, S/Nº",CENTRO,LADÁRIO,MS,79370000
6.0,10153,86104,NAVIO-TRANSPORTE FLUVIAL PARAGUASSU,NTFSSU,NTrFluParaguassu,"AV. 14 DE MARCO, S/Nº",CENTRO,LADÁRIO,MS,79370000
4.0,10231,86108,NAVIO-PATRULHA PIRATINI,NPAINI,NPaPiratini,"RUA 14 DE MARÇO, S/N",LADÁRIO,LADÁRIO,MS,79370000
4.0,10207,86109,NAVIO-PATRULHA PENEDO,NPAEDO,NPaPenedo,"AV. 14 DE MARÇO, S/Nº",CENTRO,LADÁRIO,MS,79370000
6.0,10098,86200,3° BATALHÃO DE OPERAÇÕES RIBEIRINHAS,GRFLAD,3ºBtlOpRib,"RUA 14 DE MARCO, S/Nr",CENTRO,LADÁRIO,MS,79370000
6.0,10345,86310,CAPITANIA FLUVIAL DO PANTANAL,CPUMBA,CFPN,RUA DELAMARE - 806,CENTRO,CORUMBA,MS,79370021
6.0,10011,86312,CAPITANIA FLUVIAL DE MATO GROSSO,CFCUIA,CFMT,"AV. OÁTOMO CANAVARROS, 850",BELA VISTA,CUIABÁ,MT,78050568
6.0,10145,86313,AGÊNCIA FLUVIAL DE PORTO MURTINHO,AGMURT,AGPMURTINHO,"RUA CEL. PEDRO CELESTINO, 1011",CENTRO,PORTO MURTINHO,MS,79280000
7.0,10215,87000,COMANDO DO 7º DISTRITO NAVAL,SETDIS,Com7ºDN,ESPLANADA DOS MINISTERIOS - BLOCO N ANEXO - 2o ANDAR,PLANO PILOTO,BRASÍLIA,DF,70055900
7.0,10193,87311,AGÊNCIA FLUVIAL DE SÃO FELIX DO ARAGUAIA,AGELIX,AGSFARAGUAIA,"RUA DO COMÉRCIO, S/Nº",CENTRO,S. FÉLIX DO ARAGUAIA,MT,78670000
7.0,10279,87312,AGÊNCIA FLUVIAL DE IMPERATRIZ,AGIMPE,AGIMPERATRIZ,"RUA CORIOLANO MILHOMEM, Nº 41",CENTRO,IMPERATRIZ,MA,65900330
7.0,10306,87320,CAPITANIA FLUVIAL DE BRASÍLIA,CPFBRA,CFB,"ESPLANADA DOS MINISTÉRIOS, BL. ""N"", Anexo ""A"" - TÉRREO",,BRASÍLIA,DF,70055900
7.0,10168,87400,ESTAÇÃO RÁDIO DA MARINHA EM BRASÍLIA,ERMBRA,ERMB,"RODOVIA DF-001, KM 45,ÁREA ALFA - TEL:(61)3429-1600",SANTA MARIA,BRASÍLIA,DF,70051970
4.0,10256,88118,NAVIO DE ASSISTÊNCIA HOSPITALAR OSWALDO CRUZ,NASHOC,NAsHOCruz,"BR 319 - KM 4,5",DISTRITO INDUSTRIAL,MANAUS,AM,69075510
4.0,10397,88119,NAVIO DE ASSISTÊNCIA HOSPITALAR CARLOS CHAGAS,NASHCC,NAsHCChagas,"BR 319, KM 4,5",DISTRITO INDUSTRIAL,MANAUS,AM,69075510
9.0,10343,88121,NAVIO-PATRULHA FLUVIAL RAPOSO TAVARES,NPFRTV,NPaFluRTavares,"BR 319, KM 4,5 - VILA BURITI",DISTRITO INDUSTRIAL,MANAUS,AM,69075510
4.0,10352,88131,"NAVIO PATRULHA FLUVIAL ""RONDÔNIA""",NPFRON,NPaFluRondonia,"BR 319, KM 4,5 - VILA BURITI",DISTRITO INDUSTRIAL,MANAUS,AM,69072080
4.0,10134,88132,NAVIO-PATRULHA FLUVIAL AMAPÁ,NPFAMP,NPaFluAmapa,"BR 319, KM 4,5 - VILA BURITI",DISTRITO INDUSTRIAL,MANAUS,AM,69075510
9.0,10096,88310,CAPITANIA FLUVIAL DA AMAZÔNIA OCIDENTAL,CPNAUS,CFAOC,"RUA FREI JOSÉ DOS INOCENTES, 36",CENTRO,MANAUS,AM,69005050
9.0,10287,88340,CAPITANIA  FLUVIAL DE PORTO VELHO,CFPVEL,CFPV,"RUA HENRIQUE DIAS, 395",CENTRO,PORTO VELHO,RO,78990130
4.0,10259,88315,AGÊNCIA FLUVIAL DE ITACOATIARA,AGITAC,AGITACOATIARA,"AVENIDA PARQUE, 262",,ITACOATIARA,AM,69100000
9.0,10057,88330,CAPITANIA FLUVIAL DE TABATINGA,CFINGA,CFT,"RUA DUARTE COELHO, 143",PORTOBRÁS,TABATINGA,AM,69640000
9.0,10329,88810,ESTAÇÃO NAVAL DO RIO NEGRO,ESNVNG,ENRN,"RUA RIO ITAQUAÍ, S/Nº",VILA BURITI,MANAUS,AM,69072080
9.0,10246,88820,CENTRO DE INTENDÊNCIA DA MARINHA EM MANAUS,CITMAN,CeIMMa,"Rua Itaquai, s/nº - Vila Buriti",DISTRITO INDUSTRIAL,MANAUS,AM,69072080
1.0,10009,82024,NAVIO-PATRULHA GUARATUBA,NPAUBA,NPaGuaratuba,"Estrada da Base Naval, s/nº",São Tomé de paripe,Salvador,BA,40800310
2.0,10166,82025,NAVIO-PATRULHA GRAVATAÍ,NPATAI,NPaGravatai,"BASE NAVAL DE ARATU, S/Nº",SÃO TOMÉ DE PARIPE,SALVADOR,BA,40800310
2.0,10268,82116,NAVIO-VARREDOR ANHATOMIRIM,NVANHA,NVANHATOMIRIM,BASE NAVAL DE ARATU - SAO TOME DE PARIPE,PARIPE,SALVADOR,BA,40800310
2.0,10265,82119,NAVIO-VARREDOR ABROLHOS,NVABRL,NVABROLHOS,"BASE NAVAL DE ARATU, S/N - SÃO TOMÉ DE PARIPE",PARIPE,SALVADOR,BA,40800310
2.0,10353,82120,NAVIO-VARREDOR ALBARDÃO,NVALBD,NVAlbardao,BASE NAVAL DE ARATU - SÃO TOMÉ DE PARIPE,PARIPE,SALVADOR,BA,40810310
2.0,10112,82200,2° BATALHÃO DE OPERAÇÕES LITORÂNEAS DE FUZILEIROS NAVAIS,GRFSAL,2°BtlOpLitFN,"AV. DA FRANÇA, 1300",COMÉRCIO,SALVADOR,BA,40010000
2.0,10197,82314,DELEGACIA DA CAPITANIA DOS PORTOS EM PORTO SEGURO,AGSEGU,DELPSEGURO,"RUA SÃO PEDRO, 195",CENTRO,PORTO SEGURO,BA,45810000
2.0,10360,82332,AGÊNCIA FLUVIAL DE BOM JESUS DA LAPA,AGBJLP,AGBJLAPA,"AV. ALMIRANTE BERUTTI, S/Nº",CENTRO,BOM JESUS LAPA,BA,47600000
1.0,30042,51215,NAVIO POLAR ALMIRANTE MAXIMIANO,NPOMAX,NPoAlteMaximiano,"PRAÇA BARÃO DE LADÁRIO, S/N°",CENTRO,RIO DE JANEIRO,RJ,20010000
1.0,10408,86111,NAVIO DE ASSISTENCIA HOSPITALAR TENENTE MAXIMIANO,NASHTM,NAsHTenMaximiano,"AVENIDA 14 DE MARCO, S/N",CENTRO,LADARIO,MS,79370000
9.0,10409,88701,POLICLÍNICA NAVAL DE MANAUS,PCLMAN,PNMa,"RODOVIA BR 319,S/N",DISTRITO INDUSTRIAL,MANAUS,AM,69075510
1.0,10504,91661,"NDCC ""ALMIRANTE SABOIA""",NDCCSB,NDCCAlteSaboia,ILHA DE MOCANGUÊ S/Nº ,CENTRO,NITEROI,RJ,24040300
8.0,10505,42010,Centro Tecnológico da Marinha em São Paulo - CEA,ARAMAR,ARAMAR,Estr. Vicinal Sorocaba-Iperó,Cagerê,Iperó,SP,18560000
1.0,10506,65710,CENTRO DE MEDICINA OPERATIVA DA MARINHA,CEMOPM,CMOpM,"AVENIDA DOM HELDER CAMARA,315",BENFICA,RIO DE JANEIRO,RJ,20911291
1.0,10507,81148,NAVIO-PATRULHA MACAÉ,NPACAE,NPaMacae,"RUA 1º DE MARÇO, Nº 118",CENTRO,RIO DE JANEIRO,RJ,20010000
1.0,10509,95350,UNIDADE MÉDICA EXPEDICIONÁRIA DA MARINHA,UMEXMB,UMEM,AV PAIVA S/N° - ILHA DAS FLORES,PORTO VELHO,SÃO GONÇALO,RJ,24426148
1.0,10510,62411,AVISO DE INSTRUÇÃO GUARDA-MARINHA JANSEN,AVIJAN,AVINGMJANSEN,,,,,
1.0,10508,72100,CENTRO DE INSTRUÇÃO E ADESTRAMENTO ALMIRANTE NEWTON BRAGA,CIANBR,CIANB,AV. BRASIL   Nº 10500,OLARIA,RIO DE JANEIRO,,21012350
1.0,10511,62410,AVISO DE INSTRUÇÃO ASPIRANTE NASCIMENTO,AVINAS,AVINASPNASC,"PRAÇA BARÃO DE LADÁRIO, S/Nº - ILHA DAS COBRAS",CENTRO,RIO DE JANEIRO,RJ,20091000
8.0,10672,42001,"BATALHÃO DE DEFESA NUCLEAR, BIOLÓGICA, QUÍMICA E RADIOLÓGICA DE ARAMAR",CIAQBN,BtlDefNBQR-ARAMAR,"RODOVIA SOROCABA/ IPERÓ, KM 12,5, S/N",CAGERÊ,IPERÓ,SP,18560000
3.0,10651,83171,NAVIO PATRULHA MACAU,NPACAU,NPaMacau,"Avenida Sílvio Pélico, S/N",Alecrim,Natal,RN,59040150
9.0,10711,88134,NAVIO DE ASSISTÊNCIA HOSPITALAR SOARES DE MEIRELLES,NASHSM,NAsHSMeirelles,"BR 319 - KM 4,5",DISTRITO INDUSTRIAL,MANAUS,AM,69075-51
1.0,10872,72000,DIRETORIA DE GESTÃO ORÇAMENTÁRIA DA MARINHA,DIRGOM,DGOM,"ILHA DAS COBRAS, S/Nº",CENTRO,RIO DE JANEIRO,RJ,20091000
7.0,10890,74000,DIRETORIA DE COORDENAÇÃO DO ORÇAMENTO DA MARINHA,CORMAB,CORM,"Esplanada dos Ministérios, BL ""N"" - 6º Andar",Plano Piloto,Brasília,DF,70055900
,99999,99999,Outros motivos autorizados pela DFM,OUTROS,OUTROS,,,,,
1.0,11051,81152,NAVIO PATRULHA OCEÂNICO AMAZONAS,NPOCAM,NPaOcAmazonas,PRAÇA BARÃO DE LADÁRIO S/Nº - ILHA DAS COBRAS,CENTRO,RIO DE JANEIRO,RJ,20091000
1.0,11012,65709,POLICLÍNICA NAVAL DE CAMPO GRANDE,PCLNCG,PNCG,"Av. Brasil, s/nº",Campo Grande,Rio de Janeiro,RJ,23078001
4.0,11132,84515,AVISO HIDROCEANOGRÁFICO FLUVIAL RIO TOCANTINS,AVHOTO,AvHoFluRioTocantins,"Rodovia Arthur Bernardes, S/N",Val-de-Cães,Belém,PA,66115000
1.0,11151,51206,AVISO DE PESQUISA HIDROCEANOGRÁFICO ASPIRANTE MOURA,AVPQAM,AvPqHoAspMoura,"RUA BARÃO DE JACEGUAY,  S/N",PONTA DA ARMAÇÃO,NITERÓI,RJ,24048900
1.0,11191,81153,"NAVIO-PATRULHA OCEÂNICO ""APA""",NPOCAP,NPaOcApa,"Base Naval do Rio de Janeiro - Ilha de Mocangue S/Nº, Centro, Niterói ¿ RJ",Centro,Niterói,RJ,24040900
8.0,10103,89200,Centro de Coordenação de Estudos da Marinha em São Paulo,CCEMSP,CCEMSP,"Av. Prof. Mello de Moraes, 2231 BL E-Depto Eng. Mecânica e Naval - Cidade Universitária",Butantã,São Paulo,SP,05508030
8.0,10308,89310,CAPITANIA DOS PORTOS DE SÃO PAULO,CPSANT,CPSP,CAIS DA MARINHA - PORTO DE SANTOS,MACUCO,SANTOS,SP,11045911
1.0,10402,49001,CENTRO DE TECNOLOGIA DA INFORMAÇÃO DA MARINHA,CETINF,CTIM,"RUA 1º DE MARÇO, 118 - EDIFÍCIO BARÃO DE LADÁRIO, 3º,4º E 5º ANDARES",CENTRO,RIO DE JANEIRO,RJ,20010000
1.0,10405,82600,COMANDO DO GRUPAMENTO DE PATRULHA NAVAL DO LESTE,GPNEST,ComGptPatNavL,ESTRADA DA BASE NAVAL DE ARATU S/Nº,SÃO TOMÉ DE PARIPE,SALVADOR,BA,40800310
,30041,1011,ADIDO DE DEFESA E NAVAL EM PORTUGAL,ADNGAL,ADIDEFNAVPORTUGAL,"ESTRADA DAS LARANJEIRAS, 144",SETE RIOS,LISBOA,,1649-021
1.0,10403,51202,"NAVIO HIDROCEANOGRÁFICO ""CRUZEIRO DO SUL""",NHOCRS,NHoCSul,"RUA BARÃO DE JACEGUAI, S/N°",PONTA D'AREIA,NITEROI,RJ,24048900
1.0,11675,12345,OMNAVIOTESTE,NAVTST,NAVIOTESTE,,,,,
8.0,10248,89311,DELEGACIA DA CAPITANIA DOS PORTOS EM SÃO SEBASTIÃO,DLTIAO,DELSSEBASTIAO,"RUA DR. ALTINO ARANTES, 544",CENTRO,SÃO SEBASTIÃO,SP,11600000
8.0,10249,89320,CAPITANIA FLUVIAL DO TIETÊ-PARANÁ,CPFTPR,CFTP,"AV. PEDRO OMETTO, 804",CENTRO,BARRA BONITA,SP,17340000
1.0,10214,91110,1º ESQUADRÃO DE HELICÓPTEROS ANTISSUBMARINO,HELIAS,EsqdHS-1,RUA COMANDANTE ITURIEL S/Nº,BASE AERO NAVAL,SÃO PEDRO DA ALDEIA,RJ,28944054
1.0,10093,91130,2º ESQUADRÃO DE HELICÓPTEROS DE EMPREGO GERAL,HELIED,EsqdHU-2,"RUA COMANDANTE ITURIEL, S/Nº",FLUMINENSE,SÃO PEDRO DA ALDEIA,RJ,28940000
1.0,10363,91150,1º ESQUADRÃO DE HELICÓPTEROS DE INSTRUÇÃO,HELINS,EsqdHI-1,"RUA COMANDANTE ITURIEL, S/Nº",FLUMINENSE,SÃO PEDRO DA ALDEIA,RJ,28940000
1.0,10309,91181,CENTRO DE INTENDÊNCIA DA MARINHA EM SÃO PEDRO DA ALDEIA,CITSPA,CeIMSPA,RUA COMANDANTE ITURIEL S/N,FLUMINENSE,S.PEDRO ALDEIA,RJ,28940000
1.0,10175,91190,CENTRO DE INSTRUÇÃO E ADESTRAMENTO AERONAVAL ALMIRANTE JOSÉ MARIA DO AMARAL OLIVEIRA,CIAAER,CIAAN,RUA COMANDANTE ITURIEL S/Nº,FLUMINENSE,SÃO PEDRO DA ALDEIA,RJ,28940000
1.0,10243,91191,POLICLÍNICA NAVAL DE SÃO PEDRO DA ALDEIA,PCLSPA,PNSPA,"RUA COMANDANTE ITURIEL, S/Nº",FLUMINENSE,SÃO PEDRO DA ALDEIA,RJ,28940000
1.0,10359,91532,SUBMARINO TIMBIRA,SBTIRA,STIMBIRA,ILHA DE MOCANGUÊ - S/Nº,CENTRO,NITERÓI,RJ,24040300
1.0,10151,91533,SUBMARINO TAPAJÓ,SBTPJO,STapajo,ILHA DE MOCANGUÊ GRANDE - S/Nº,,NITERÓI,RJ,24040300
1.0,10222,91570,GRUPAMENTO DE MERGULHADORES DE COMBATE,GPTMEC,GRUMEC,ILHA DO MOCANGUÊ GRANDE - S/Nº,CENTRO,NITERÓI,RJ,24040300
1.0,10125,91580,BASE ALMIRANTE CASTRO E SILVA,BACSNI,BACS,"ILHA DE MOCANGUÊ GRANDE, S/Nº",CENTRO,NITERÓI,RJ,24040300
1.0,10310,91603,NAVIO-AERÓDROMO SÃO PAULO,NAESPO,NAESAOPAULO,"ILHA DAS COBRAS, S/Nº",CENTRO,RIO DE JANEIRO,RJ,20091000
1.0,10348,91604,NAVIO VELEIRO CISNE BRANCO,NVECBR,NVE CISNE BRANCO,"ILHA DE MOCANGUÊ PEQUENO, S/Nº",CENTRO,NITERÓI,RJ,24040300
1.0,10230,91613,FRAGATA CONSTITUIÇÃO,FCONST,FConstituicao,"ILHA DO MOCANGUÊ, S/N",CENTRO,NITERÓI,RJ,22040300
1.0,10386,91616,FRAGATA UNIÃO,FUNIAO,FUNIAO,"ILHA DAS COBRAS, S/Nº",CENTRO,RIO DE JANEIRO,RJ,20091000
1.0,10281,91617,CORVETA INHAÚMA,CVINHA,CVINHAUMA,ILHA DAS COBRAS S/Nº - ARSENAL DE MARINHA DO RIO DE JANEIRO,CENTRO,RIO DE JANEIRO,RJ,20091000
1.0,10047,91618,CORVETA JACEGUAI,CVJACE,CVJACEGUAI,"PRAÇA BARÃO DE LADÁRIO, S/Nº - ILHA DAS COBRAS",CENTRO,RIO DE JANEIRO,RJ,20091000
1.0,10091,91620,COMANDO DO 2º ESQUADRÃO DE ESCOLTA,SEGCOL,ComEsqdE-2,"ILHA DE MOCANGUÊ, S/Nº",CENTRO,NITERÓI,RJ,24040300
1.0,10156,91621,FRAGATA GREENHALGH,FGREEN,FGreenhalgh,"ILHA DE MOCANGUÊ, S/Nº",CENTRO,NITERÓI,RJ,24040300
1.0,10331,91624,FRAGATA RADEMAKER,FRADEM,FRademaker,PRAÇA BARÃO DE LADÁRIO S/Nº - ILHA DAS COBRAS,CENTRO,RIO DE JANEIRO,RJ,20091000
1.0,10223,91625,CONTRATORPEDEIRO PARÁ,CTPARA,CTPARA,"ILHA DE MOCANGUÊ, S/Nº",CENTRO,NITERÓI,RJ,24049900
1.0,10357,91644,CORVETA FRONTIN,CVFRON,CVFRONTIN,"ILHA DAS COBRAS, S/Nº",CENTRO,RIO DE JANEIRO,RJ,20091000
1.0,10237,91666,NAVIO DE DESEMBARQUE-DOCA CEARÁ,NDDCEA,NDDCEARA,ILHA DE MOCANGUÊ S/Nº,CENTRO,NITERÓI,RJ,24000000
1.0,10263,91667,NAVIO DE DESEMBARQUE-DOCA RIO DE JANEIRO,NDDRIO,NDDRJANEIRO,"ILHA DE MOCANGUÊ, S/Nº",CENTRO,NITERÓI,RJ,24040300
1.0,10203,91669,NAVIO DE DESEMBARQUE DE CARROS DE COMBATE MATTOSO MAIA,NDCCMM,NDCCMMaia,"ILHA DE MOCANGUÊ, S/Nº - BASE NAVAL DO RIO DE JANEIRO",CENTRO,NITERÓI,RJ,24049900
1.0,10090,91700,COMANDO DA 1ª DIVISÃO DA ESQUADRA,PRIESQ,COMDIV-1,"ILHA DE MOCANGUE, S/Nº",CENTRO,NITERÓI,RJ,24040300
1.0,10369,91904,CENTRO DE MANUTENÇÃO DE EMBARCAÇÕES MIÚDAS,CEMEMI,CMEM,"ILHA DE MOCANGUÊ, S/N",,NITERÓI,RJ,24040300
1.0,10328,95000,COMANDO DA FORÇA DE FUZILEIROS DA ESQUADRA,FUZESQ,ComFFE,RODOVIA WASHINGTON LUIS KM 124 - S/No.,PARQUE DUQUE,DUQUE DE CAXIAS,RJ,25085008
1.0,10040,95100,COMANDO DA DIVISÃO ANFIBIA,DIVANF,ComDivAnf,"TRAVESSA TEOTONIO FREIRE, 64",BANANAL,ILHA DO GOVERNADOR,RJ,21911000
1.0,10054,95104,BATALHÃO DE BLINDADOS DE FUZILEIROS NAVAIS,BATBLI,BtlBldFuzNav,"ESTRADA DO QUILOMBO, S/Nº - BANANAL",ILHA DO GOVERNADOR,RIO DE JANEIRO,RJ,21911016
1.0,10278,95106,BATALHÃO DE COMANDO E CONTROLE,BTLCMC,BtlCmdoCt,RUA MAGNO MARTINS S/Nº - BANCÁRIOS,ILHA DO GOVERNADOR,RIO DE JANEIRO,RJ,21911010
1.0,10217,95310,BATALHAO DE ENGENHARIA DE FUZILEIROS NAVAIS,BTLENG,BtlEngFuzNav,"RODOVIA WASHINGTON LUIZ, KM 124 S/N - PARQUE DUQUE",DUQUE DE CAXIAS,RIO DE JANEIRO,RJ,25085000
4.0,10219,88120,NAVIO-PATRULHA FLUVIAL PEDRO TEIXEIRA,NPFPTX,NPaFluPTeixeira,"BR 319, KM 4,5 - VILA BURITI",DISTRITO INDUSTRIAL,MANAUS,AM,69075510
1.0,10224,91610,COMANDO DO 1º ESQUADRÃO DE ESCOLTA,PRICOL,ComEsqdE-1,"ILHA DE MOCANGUE, S/Nº",CENTRO,NITERÓI,RJ,24040300
1.0,10225,91619,CORVETA JULIO DE NORONHA,CVJULI,CvJNoronha,ILHA DAS COBRAS,CENTRO,RIO DE JANEIRO,RJ,20091000
4.0,10226,84520,SERVIÇO DE SINALIZAÇÃO NAUTICA DA BARRA NORTE DO RIO AMAZONAS,SINBNT,SSN-41,"RUA LUCENA DE AZEVEDO, 75",VILA DANIEL,SANTANA,AP,68925000
3.0,10229,83143,NAVIO-PATRULHA GOIANA,NPAGOI,NPaGoiana,RUA SILVIO PÉLICO S/Nº,ALECRIM,NATAL,RN,59040150
1.0,10232,91668,NAVIO-TANQUE MARAJÓ,NTMRJO,NTMARAJO,"ILHA DE MOCANGUÊ PEQUENO, S/Nº - BASE NAVAL DO RIO DE JANEIRO",CENTRO,NITERÓI,RJ,24049900
1.0,10234,91614,FRAGATA LIBERAL,FLIBER,FLiberal,ILHA DO MOCANGUÊ PEQUENO S/N°,CENTRO,NITERÓI,RJ,24000000
5.0,10236,85600,ESCOLA DE APRENDIZES-MARINHEIROS DE SANTA CATARINA,EAMFPL,EAMSC,"RUA MARINHEIRO MAX SCHRAMM, Nr 3028",ESTREITO,FLORIANÓPOLIS,SC,88095000
1.0,10238,91665,"NAVIO-TANQUE ""ALMIRANTE GASTÃO MOTTA""",NTGMTA,NTAlteGMotta,ILHA DE MOCANGUÊ S/Nº - BASE NAVAL DO RIO DE JANEIRO,CENTRO,NITERÓI,RJ,24040300
1.0,10326,20001,ESTADO-MAIOR DA ARMADA  NO RIO DE JANEIRO,ARMADA,EMA-RIO,"PRAÇA BARÃO DE LADÁRIO, S/Nº PRÉDIO JÚLIO DE NORONHA",CENTRO,RIO DE JANEIRO,RJ,20010000
1.0,10327,95390,COMPANHIA DE POLÍCIA,CIAPOL,CiaPol,"AV. PAIVA, S/Nº",NEVES,SAO GONCALO,RJ,24611970
4.0,10330,84510,CENTRO DE HIDROGRAFIA E NAVEGAÇÃO DO NORTE,CHNNOR,CHN-4,"RODOVIA ARTUR BERNARDES, S/Nº",VAL-DE-CÃES,BELEM,PA,66115000
1.0,10333,10100,TRIBUNAL MARÍTIMO,TRIBAR,TM,"AV. ALFREDO AGACHE, S/Nr",CENTRO,RIO DE JANEIRO,RJ,20021000
1.0,10318,95130,2º BATALHÃO DE INFANTARIA DE FUZILEIROS NAVAIS (BATALHÃO HUMAITÁ),SEGBTI,2ºBtlInfFuzNav,"ESTRADA DO QUILOMBO, S/Nº",BANANAL - I. DO GOVERNADOR,RIO DE JANEIRO,RJ,21911010
1.0,10077,95180,BASE DE FUZILEIROS NAVAIS DA ILHA DO GOVERNADOR,BFNIGO,BFNIG,ESTRADA DO QUILOMBO S/Nº - BANANAL,ILHA DO GOVERNADOR,RIO DE JANEIRO,RJ,21911010
1.0,10201,95320,BATALHÃO LOGISTICO DE FUZILEIROS NAVAIS,BTLLOG,BtlLogFuzNav,Rodovia Washington Luiz - KM 124 - S/Nº,Parque Duque de Caxias,Duque de Caxias,RJ,25085009
1.0,10127,95340,BATALHÃO DE VIATURAS ANFIBIAS,BTLVAN,BtlVtrAnf,"AV.PAIVA, S/Nº",NEVES,SÃO GONÇALO,RJ,24426140
1.0,10239,95370,COMPANHIA DE APOIO AO DESEMBARQUE,CAPDBQ,CIAAPDBQ,"AV. PAIVA, S/Nº - ILHA DAS FLORES",NEVES,SÃO GONÇALO,RJ,24611970
1.0,10371,95380,BASE DE FUZILEIROS NAVAIS DA ILHA DAS FLORES,BFNIFL,BFNIF,"AV. PAIVA, S/Nº - ILHA DAS FLORES",NEVES,SÃO GONÇALO,RJ,24611970
1.0,10354,95400,BATALHÃO DE OPERAÇÕES ESPECIAIS DE FUZILEIROS NAVAIS,BTLOPS,BtlOpEspFuzNav,AV. BRASIL - KM 45 - Nº 44.878 - GUANDU DO SAPÊ,CAMPO GRANDE,RIO DE JANEIRO,RJ,23078001
1.0,10322,95500,BASE DE FUZILEIROS NAVAIS DO RIO MERITI,BFNRME,BFNRM,"RODOVIA WASHINGTON LUIZ, S/N KM 124",PARQUE DUQUE,DUQUE DE CAXIAS,RJ,25085000
1.0,10124,99000,COMANDO DO CONTROLE NAVAL DO TRÁFEGO MARÍTIMO,COTRAM,COMPAAz,"PRAÇA BARÃO DE LADÁRIO, S/No. - ED. ALTE TAMANDARE - 6o. ANDAR",CENTRO,RIO DE JANEIRO,RJ,20091000
7.0,10337,20200,REPRESENTAÇÃO PERMANENTE DO BRASIL JUNTO À ORGANIZAÇÃO MARÍTIMA INTERNACIONAL,RPBIMO,RPB-IMO,170 UPPER RICHMOND ROAD - 3º ANDAR,PUTNEY,LONDRES,,
7.0,10072,70200,COMISSÃO NAVAL BRASILEIRA EM WASHINGTON,NAVUSA,CNBW,"BRASILIAN NAVAL COMMISSION, 5130 - MACARTHUR BOULEVARD N.W.",,WASHINGTON,,
1.0,10056,81000,COMANDO DO 1º DISTRITO NAVAL,PRIDIS,Com1ºDN,"Praça Mauá, 65",Centro,Rio de Janeiro,RJ,20081240
1.0,10245,81402,ESTAÇÃO RÁDIO DA MARINHA NO RIO DE JANEIRO,ERMRIO,ERMRJ,"ESTRADA DO RIO JEQUIÁ, S/Nº - RIBEIRA",ILHA DO GOVERNADOR,RIO DE JANEIRO,RJ,21930160
4.0,10253,84810,CENTRO DE INTENDÊNCIA DA MARINHA EM BELÉM,CITBEL,CeIMBe,RODOVIA ARTHUR BERNARDES S/N  (dentro da BNVC),VAL-DE -CAES,BELÉM,PA,66115300
5.0,10111,85340,CAPITANIA DOS PORTOS DE SANTA CATARINA,CPFPOL,CPSC,"RUA 14 DE JULHO, Nº 440",ESTREITO,FLORIANÓPOLIS,SC,88075010
1.0,10285,95700,BATALHÃO DE COMBATE AÉREO,COMBAE,BtlCmbAe,"ESTRADA DO QUILOMBO, S/Nº - BANANAL",ILHA DO GOVERNADOR,RIO DE JANEIRO,RJ,21911010
1.0,10502,91534,SUBMARINO TIKUNA,SBKUNA,STikuna,Ilha de Mocanguê Grande s/n,Ponta da Areia,Niterói,RJ,24049900
1.0,10364,40300,CENTRO DE ARMAS DA MARINHA,CEARMA,CAM,"ILHA DAS COBRAS, S/Nº -  Ed. 7 do AMRJ",CENTRO,RIO DE JANEIRO,RJ,20091000
1.0,10282,91900,COMANDO DA 2ª DIVISÃO DA ESQUADRA,SEGESQ,COMDIV-2,ILHA DE MOCANGUE,CENTRO,NITERÓI,RJ,24040300
1.0,10002,83141,NAVIO-PATRULHA GUAÍBA,NPAIBA,NPaGuaiba,AV. SILVIO PELICO S/Nº - BASE NAVAL DE NATAL,ALECRIM,NATAL,RN,59040150
1.0,10051,71250,DEPÓSITO DE SOBRESSALENTES DA MARINHA NO RIO DE JANEIRO,DPSOBR,DepSMRJ,"AV. BRASIL, 10500",OLARIA,RIO DE JANEIRO,RJ,21012350
3.0,10071,83310,CAPITANIA DOS PORTOS DE ALAGOAS,CPCEIO,CPAL,"RUA DO URUGUAI, Nº 44",JARAGUÁ,MACEIÓ,AL,57022120
2.0,10097,81313,DELEGACIA FLUVIAL DE PIRAPORA,DLPIRA,DelPirapora,PRAÇA ALMIRANTE TAMANDARÉ Nº 1,CENTRO,PIRAPORA,MG,39270000
6.0,11874,86511,AVISO HIDROCEANOGRÁFICO FLUVIAL CARAVELAS,AVHOCV,AvHoFluCaravelas,"AVENIDA 14 DE MARÇO, S/N",CENTRO,LADÁRIO,MS,79370000
1.0,13116,91671,Embarcação de Desembarque de Carga Geral Marambaia,EDCGMR,EDCGMARAMBAIA,ILHA DE MOCANGUÊ PEQUENO - S/Nº - CENTRO - NITERÓI - RIO DE JANEIRO - RJ - BRASIL,Centro,Niterói,RJ,24040300
1.0,13919,91010,CENTRO DE INTENDÊNCIA DA MARINHA EM NITERÓI,CITNIT,CeIMNi,"ILHA DE MOCANGUÊ, S/Nº",Ponta d'Areia,Niterói,RJ,24040300
7.0,14099,87330,Capitania Fluvial de Goiás,CFGOIA,CFGO,"Rua dois, nº 49, Setor Central, Goiânia-GO",Setor Central,Goiânia,GO,74013020
1.0,14219,95305,"Batalhão de Defesa, Nuclear, Biológica, Química e Radiológica",BDNBQR,BtlDefNBQR,"Avenida Paiva, S/N, Ilha das Flores, Bairro Porto Velho, São",Porto Velho,São,RJ,24426148
1.0,12657,11103,TREINA03,TREINA,TREINA03,,,,,
1.0,12658,11104,TREINA04,TREINA,TREINA04,,,,,
1.0,13979,81314,DELEGACIA FLUVIAL DE FURNAS,DLFURN,DelFurnas,Rua Lavras 288,Furnas,São José,MG,37945000
1.0,11934,66666,CARGA2,CARGA2,CARGA2,,,,,
9.0,11954,88511,"NAVIO HIDROCEANOGRÁFICO FLUVIAL ""RIO BRANCO""",NHFRBR,NHoFluRioBranco,RUA RIO ITAQUAI S/Nº,VILA BURITI,MANAUS,AM,69072080
5.0,13438,85120,Navio de Apoio Oceânico Mearim,NAORIM,NApOcMearim,"Av. Almirante Maximiano Fonseca, 2000",4ª Seção da Barra,Rio Grande,RS,96204040
8.0,13681,89101,COMANDO DO GRUPAMENTO DE PATRULHA NAVAL DO SUL SUDESTE,GPNSSE,COMGPTPATNAVSSE,"AVENIDA CIDADE DE SANTOS, S/N, CAIS DA MARINHA",MACUCO,SANTOS,SP,11015050
1.0,14139,40031,Escola Técnica do Arsenal de Marinha,ETAMRJ,ETAM,"Praça Barão de Ladário, S/N, Edifício 35",Centro,Rio de Janeiro,RJ,20091-0 
9.0,14320,88135,Grupo de Embarcações de Operações Ribeirinha do Amazonas,GEORAM,GrEOpRibAM,Rua Rio Itaquaí - S/N°,Vila Buriti,Manaus,AM,69072080
1.0,14339,91672,Embarcação de Desembarque de Carga Geral Guarapari,EDCGUA,EDCGGuarapari,"Ilha de Mocanguê, S/N",Ponta D'Areia,Niterói,RJ,24049900
1.0,11873,88888,OM NAVIO TESTE CAIXA DE ECONOMIAS,OMNAVC,NAVCAIXEC,,,,,
1.0,12036,12036,CARGA3,CARGA3,CARGA3,,,,,
4.0,13859,84010,1º Esquadrão de Helicópteros de Emprego Geral do Norte,HEPNOR,EsqdHU-41,Rodovia Arthur Bernardes S/N - Val de Cans,Val-de-Cans,Belém,PA,66115000
1.0,14059,91540,BASE DE SUBMARINOS DA ILHA DA MADEIRA,BASNUC,BSIM,"Estrada Prefeito Wilson Pedro Francisco , S/N",Ilha da Madeira,Itaguaí,RJ,23826640
9.0,11994,88510,CENTRO DE HIDROGRAFIA E NAVEGAÇÃO DO NOROESTE,SINNRE,CHN-9,"R RIO ITAQUAI, S/N", VILA BURITI,MANAUS,AM,69072080
1.0,12154,22222,CARGA NAVIO,CNAVIO,CNAVIO,,,,,
1.0,12656,11101,TREINA01,TREINA,TREINA01,,,,,
1.0,12716,11121,TREINA21,TREINA,TREINA21,,,,,
1.0,12717,11122,TREINA22,TREINA,TREINA22,,,,,
1.0,12718,11123,Escola Preparatória de Cadetes da Comlurb,TREINA,EsPCCon,1° DN,Centro,Rio de Janeiro,RJ,
1.0,12720,11125,TREINA25,TREINA,TREINA25,,,,,
1.0,12721,11126,TREINA26,TREINA,TREINA26,,,,,
1.0,12722,11127,TREINA27,TREINA,TREINA27,,,,,
1.0,12723,11128,TREINA28,TREINA,TREINA28,,,,,
1.0,12724,11129,TREINA29,TREINA,TREINA29,,,,,
1.0,12725,11130,TREINA30,TREINA,TREINA30,,,,,
1.0,12727,11131,TREINA31,TREINA,TREINA31,,,,,
1.0,12728,11132,TREINA32,TREINA,TREINA32,,,,,
1.0,13900,51110,Centro de Instrução e Adestramento Almirante Radler de Aquino,CIAARA,CIAARA,Rua Barão de Jaceguay,Ponta da Areia,NITERÓI,RJ,24048900
1.0,12194,51210,Navio de Pesquisa Hidroceanográfico Vital de Oliveira,NPQHVO,NPqHoVitaldeOliveira,"Rua Barão de Jaceguay, S/N°",Ponta da Armação,Niterói,RJ,24048900
1.0,12300,33331,TREINO2,TREINO,TREINO2,WWWWW,WWWW,WWWW,RJ,12457888
1.0,12301,44441,TREINO3,TREINO,TREINO3,QQQQQ,QQQQQQQ,QQQ,RJ,12135547
1.0,12302,55551,TREINO4,TREINO,TREINO4,QQQQ,WQQQQQ,QQQQ,RJ,14477777
1.0,12303,66661,TESTE5,TESTE5,TESTE5,FFFF,WERRR,RRR,RJ,45454528
1.0,12304,77771,TREINO6,TREINO,TREINO6,WWWW,QQQ,QQQ,RJ,12111211
1.0,12305,88881,TESTE7,TESTE7,TESTE7,WWWWW,QQQQQ,QQQ,RJ,1       
1.0,12306,99991,TESTE8,TESTE8,TESTE8,E,E,E,RJ,
1.0,12307,10111,TREINO9,TREINO,TREINO9,,,,,
1.0,12308,10222,TREINO10,TREINO,TREINO10,,,,,
1.0,12310,10333,TREINO11,TREINO,TREINO11,,,,,
1.0,12311,10444,TREINO12,TREINO,TREINO12,,,,,
1.0,13036,20300,DIRETORIA-GERAL DE DESENVOLVIMENTO NUCLEAR E TECNOLÓGICO DA MARINHA - RIO,DRGNUC,DGDNTM,"Av. Professor Lineu Prestes, nº 2468, Cidade Universitária- Butantã - São Paulo-SP",BUTANTÃ,SÃO PAULO,SP,05508000
1.0,13558,81312,Capitania Fluvial de Minas Gerais,CFBELZ,CFMG,Avenida Celso Porfírio Machado 1100,Belvedere,Belo Horizonte,MG,30320400
1.0,14360,33001,Comando do Desenvolvimento Doutrinário do Corpo de Fuzileiros Navais,CDDCFN,CDDCFN-MARAMBAIA,"Rua Magno Martins, S/Nº",Ilha do Governador,Rio de Janeiro,RJ,21911000
1.0,13498,91609,NAVIO-AERÓDROMO MULTIPROPÓSITO ATLÂNTICO,NAMATL,NAMAtlantico,PRAÇA BARÃO DE LADÁRIO S/N - ILHA DAS COBRAS,CENTRO,RIO DE JANEIRO,RJ,20091000
1.0,13939,14100,ESCOLA DE INTELIGÊNCIA DA MARINHA,NIESIM,EsIMar,"Rua Mayrink Veiga, nº 28",Centro,Rio de Janeiro,RJ,20090050
1.0,13940,40014,Centro Logístico do Material da Marinha,LOGMAT,CLogMat,"Rua Primeiro de Março, nº 118 - 21º e 23º andares",Centro,Rio de Janeiro,RJ,20010-00
5.0,12876,85121,POLICLÍNICA NAVAL DE RIO GRANDE,PCLNRG,PNRG,RUA ALMIRANTE GARNIER - 84,VILA MILITAR,RIO GRANDE,RS,96201230
8.0,13298,42040,CENTRO DE DESENVOLVIMENTO DE SUBMARINOS,CEDSUB,CDSub,"AV. PROFESSOR LINEU PRESTES, 2468, CTMSP - CIDADE UNIVERSITÁRIA DA USP",BUTANTÃ,SÃO PAULO,SP,05508000
1.0,12729,11136,TREINA36,TREINA,TREINA36,,,,,
1.0,12732,11137,TREINA37,TREINA,TREINA37,,,,,
1.0,13277,20305,CENTRO TECNOLÓGICO DA MARINHA NO RIO DE JANEIRO,CTEMRJ,CTMRJ,,CENTRO, RIO DE JANEIRO,RJ,20091000
1.0,13518,71202,CENTRO DE DISTRIBUIÇÃO DE UNIFORMES DA BASE DE ABASTECIMENTO DA MARINHA,CDUBAM,CDUBAMRJ,Avenida Brasil 10.500,Penha,RIO DE JANEIRO,RJ,21012350
1.0,14182,40002,Coordenadoria-Geral do Programa de Desenvolvimento de Submarino,CGPSPN,COGESN,Ilha das Cobras - s/nº - Edifício 26 - 3º e 4º andar,CENTRO,RIO DE JANEIRO,RJ,20180001
8.0,13839,89510,SERVIÇO DE SINALIZAÇÃO NÁUTICA DO SUL-SUDESTE,SINSSE,SSN-8,"RUA BENJAMIN CONSTANT,707",CENTRO HISTÓRICO,PARANAGUÁ,PR,83203190
4.0,13578,84126,Navio de Apoio Oceânico Iguatemi,NAOEMI,NApOcIguatemi,"Rodovia Arthur Bernardes, S/Nº",Base Naval de Val-de-Cães,Belém,PA,66115000
4.0,14279,84127,Grupo de Embarcações de Operações Ribeirinhas do Norte,GEORNO,GrEOpRibN,"Rodovia Arthur Bernardes, s/n°, Complexo Naval de Val de",Val de Cães,Belém,PA,66110300
1.0,13297,30010,"Comando de Proteção e Defesa, Nuclear, Biológica, Química e",CPROTM,CProtDefNBQRM,"Fortaleza de São José, Ilha das Cobras, S/Nº",Centro,Rio de Janeiro,RJ,20091000
1.0,13418,81123,Navio de Apoio Oceânico Purus,NAORUS,NApOcPurus,"Ilha de Mocanguê Grande, s/nº,",ILHA DE MOCANGUÊ,NITEROÍ,RJ,24040-30
1.0,13739,71201,Centro de Distribuição de Uniformes do Comando do 1º Distrito Naval,CDUPRI,CDU-1ºDN,Praça Barão de Ladário S/N,Centro,Rio de Janeiro,RJ,20091000
1.0,14340,91673,EMBARCAÇÃO DE DESEMBARQUE DE CARGA GERAL TAMBAÚ,EDCGTA,EDCGTambau,"Ilha de Mocanguê, S/N",Ponta D'Areia,Niterói,RJ,24049400
1.0,12274,33333,TREINO,TREINO,TREINO,A,A,A,RJ,24000000
1.0,14160,20400,Instituto Naval de Pós-Graduação,NIINPG,INPG,"Praça Barão de Ladário, s/nº, Centro, Rio de Janeiro, RJ",Centro,Rio de Janeiro,RJ,21910000
1.0,12275,44444,TREINO1,TREINO,TREINO1,AAAAAAA,AAAAA,AAAA,RJ,24000000
1.0,14120,91535,Submarino Riachuelo,SBRCHL,SRiachuelo," Estrada Prefeito Wilson Pedro Francisco, nº 120, Ilha da Madeira,",Ilha da Madeira,Itaguaí,RJ,23826640
1.0,14260,91105,1º Esquadrão de Aeronaves Remotamente Pilotadas,NIEARP,EsqdQE-1,"Rua Comandante Ituriel, s/nº",Fluminense,São Pedro da Aldeia,RJ,28944054
1.0,12374,10888,TNO,TNO   ,TNO,,,,RJ,
1.0,12696,11114,TREINA14,TREINA,TREINA14,,,M,,
1.0,12697,11115,TREINA15,TREINA,TREINA15,,,,,
1.0,12703,11133,TREINA33,TREINA,TREINA33,,,,,
1.0,12704,11134,TREINA34,TREINA,TREINA34,,,,,
1.0,12705,11135,TREINA35,TREINA,TREINA35,,,,,
1.0,12706,11124,TREINA24,TREINA,TREINA24,,,,,
1.0,12776,10555,TREIN1,TREIN1,TREIN1,,,,,
1.0,12777,10666,PRV34,PRV34 ,PRV34,,,,,
1.0,12778,10777,PRV35,PRV35 ,PRV35,,,,,
1.0,12781,11138,PRV38,PRV38 ,PRV38,,,,,
1.0,12782,11139,PRV39,PRV39 ,PRV39,,,,,
1.0,12783,11140,PRV40,PRV40 ,PRV40,,,,,
1.0,12784,11141,PRV41,PRV41 ,PRV41,,,,,
1.0,12785,11142,PRV42,PRV42 ,PRV42,,,,,
1.0,12786,11143,PRV43,PRV43 ,PRV43,,,,,
1.0,12787,11144,PRV44,PRV44 ,PRV44,,,,,
1.0,12788,11145,PRV45,PRV45 ,PRV45,,,,,
1.0,12789,11146,PRV46,PRV46 ,PRV46,,,,,
1.0,12790,11147,PRV47,PRV47 ,PRV47,,,,,
1.0,12791,11148,PRV48,PRV48 ,PRV48,,,,,
1.0,12792,11149,PRV49,PRV49 ,PRV49,,,,,
1.0,14079,91515,Navio de Socorro Submarino Guillobel,NSSBEL,NSSGuillobel,"lha de Mocanguê Grande, S/N",Niterói,Rio de Janeiro,RJ,24040300
1.0,13136,40030,DIRETORIA INDUSTRIAL DA MARINHA,INDUST,DIM,PRAÇA BARÃO DE LADÁRIO - ILHA DAS COBRAS - S/Nº - EDIFÍCIO 11 - 1º ANDAR - BRASIL,CENTRO,RIO DE JANEIRO,RJ,20091000
1.0,13879,91170,Grupo Aéreo Naval de Manutenção,GANMNT,GAerNavMan,RUA COMANDANTE ITURIEL - S/Nº - - FLUMINENSE - SÃO PEDRO DA ALDEIA - RJ,Base Aero Naval,São Pedro da Aldeia,RJ,28944-05
1.0,12793,11150,PRV50,PRV50 ,PRV50,,,,,
1.0,12794,11151,PRV51,PRV51 ,PRV51,,,,,
8.0,13217,42030,CENTRO INDUSTRIAL NUCLEAR DE ARAMAR,ARAMAR,CINA,"ESTRADA IPERÓ/SOROCABA, KM 12,5 - IPERÓ - BRASIL",IPERÓ,SÃO PAULO,SP,18560000
1.0,13719,31060,Centro de Intendência da Marinha em Parada de Lucas,CITMPL,CeIMPL,Av Brasil 13476,Parada de Lucas,Rio de Janeiro,RJ,21010076
9.0,12334,88512,Aviso Hidroceanográfico Fluvial Rio Solimões,AVHOSL,AvHoFluRioSolimões,"Rua Itaguaí, s/nº",Vila Buriti,Manaus,AM,69372080
8.0,13156,42020,DIRETORIA DE DESENVOLVIMENTO NUCLEAR DA MARINHA,DDNUCM,DDNM,AV. PROFESSOR LINEU PRESTES - 2468 - CIDADE UNIVERSITÁRIA - BRASIL,BUTANTÃ,SÃO PAULO,SP,05508000
1.0,13237,1414,TESTE PRESTACAO,TESTE ,TESTE PRESTACAO,,,,,
1.0,14119,40015,Base Naval da Ilha das Cobras,BNAVIC,BNIC,Praça Barão de Ladário - S/N Edifício 17A  Ilha das Cobras,Centro,Rio de Janeiro,RJ,20091000
1.0,12514,91670,"Navio Doca Multipropósito ""Bahia""",NDMPBA,NDMBAHIA,"Ilha de Mocanguê, S/N Centro, Niterói",Centro,Rio de Janeiro,RJ,24040300
1.0,12676,11102,TREINA02,TREINA,TREINA02,,,,,
1.0,12677,11105,TREINA05,TREINA,TREINA05,,,,,
1.0,12678,11106,TREINA06,TREINA,TREINA06,,,,,
1.0,12679,11107,TREINA07,TREINA,TREINA07,,,,,
1.0,12681,11108,TREINA08,TREINA,TREINA08,,,,,
1.0,12682,11109,TREINA09,TREINA,TREINA09,,,,,
1.0,12683,11110,TREINA10,TREINA,TREINA10,CIANB,,RIO DE JANEIRO,RJ,
1.0,12684,11111,TREINA11,TREINA,TREINA11,,,,,
1.0,12685,11112,TREINA12,TREINA,TREINA12,,,,,
1.0,12686,11113,TREINA13,TREINA,TREINA13,,,,,
1.0,12698,11116,TREINA16,TREINA,TREINA16,,,,,
1.0,12699,11117,TREINA17,TREINA,TREINA17,,,,,
1.0,12700,11118,TREINA18,TREINA,TREINA18,,,,,
1.0,12701,11119,TREINA19,TREINA,TREINA19,,,,,
1.0,12702,11120,TREINA20,TREINA,TREINA20,,,,,
1.0,13598,65721,Escola de Saúde da Marinha,ESCSAU,ESM,Rua Cesar Zama nº 185,Lins de Vasconcelos,Rio de Janeiro,RJ,20725090
8.0,14439,42050,Centro de Intendência Tecnológico da Marinha em São Paulo,CITMSP,CeITMSP,"Av. Professor Lineu Prestes, nº 2468",Cidade Universitária,Butantã,SP,05508000
1.0,14479,91536,Submarino Humaitá,SBRHMT,SHumaita,"Estrada Prefeito Wilson Pedro Francisco, nº 120",Ilha da Madeira,Itaguaí,RJ,23826640
1.0,14760,20312,Grupo de Recebimento do Submarino Tonelero,GRSTNL,GRSTonelero,"Estrada Prefeito Wilson Pedro Francisco, nº 120",Ilha da Madeira,Itaguaí,RJ,238266  
7.0,14659,87010,Centro de Intendência da Marinha em Brasília,CITBRA,CeIMBra,"Esplanada dos Ministérios, s/n, Bloco N, Prédio Anexo, 2º andar",Plano Piloto,Brasília,DF,70055900
1.0,14419,91674,Embarcação de Desembarque de Carga Geral Camboriú,EDCGIU,EDCGCamboriu,"Ilha de Mocanguê, S/N",Ponta D'Areia,Niterói,RJ,
1.0,14519,80030,Centro de Desenvolvimento Doutrinário de Guerra Naval,CDDNAV,CDDGN,"Ilha de Mocanguê Grande, S/Nº",Ponta d'Areia,Niterói,RJ,24040300
1.0,14499,20320,CENTRO DE PROJETOS DE SISTEMAS NAVAIS,CPSNAV,CPSN,Ilha da Madeira,,Itaguai,RJ,
1.0,14619,71600,Centro de Suprimentos do Abastecimento,CSUPAB,CSupAb,"Avenida Brasil, 10.500",Olaria,Rio de Janeiro,RJ,21012350
1.0,14719,91513,Aviso de Apoio Costeiro Almirante Hess,AVHESS,AvApCoAlteHess,"Ilha de Mocanguê Grande, nº 0",Ponta da Areia,Niterói,RJ,24040300
1.0,14799,40034,Estaleiro de Manutenção da Ilha da Madeira,ESTMIM,EMIM,Estrada Prefeito Wilson Pedro Francisco S/Nº,Ilha da Madeira,Itaguaí,RJ,23826640
8.0,14459,89015,Navio-Patrulha Maracanã,NPAMRC,NPaMaracana,"Avenida Cidade de Santos, S/N°",Macuco,Santos,SP,11015-05
1.0,14599,80021,Centro de Guerra Acústica e Eletrônica da Marinha,CEGAEM,CGAEM,Ilha de Mocanguê Pequeno - S/N°,,Niterói,RJ,24040300
1.0,14819,18000,Secretaria Naval de Segurança Nuclear e Qualidade,SEGNUC,SecNSNQ,"Rua da Ponte, s/nº, Edifício 23",Centro,Rio de Janeiro,RJ,20091000
